cookie_id,score
ck_315fb710a0e371e7,0.00062455214
ck_a76ee3b3e3e522fd,0.09083792
ck_94c9a4d382689e82,0.031139815
ck_8eaf9509ad9462a0,0.0011416934
ck_9a88a5a989cb5bc6,0.007514819
ck_15239ef0689c1a35,0.009503543
ck_8de69cd219d3b87f,0.19950658
ck_f92cd37022b0ce21,0.020237697
ck_1a3ff7620580a514,0.0014015002
ck_397c03aa33a57310,0.20533021
ck_a7cf6c3b322f6b7a,0.0070268475
ck_c39a9e75760e3201,0.010003398
ck_88ab6d245228c38e,0.0004893568
ck_17733f75ebdea93e,0.001793168
ck_58eb871e8d7bed52,0.02517852
ck_e55b7fa67db1ec27,0.0008848407
ck_62f5cfe22c952694,0.004971087
ck_7fbb709a0fe95759,0.0013342185
ck_87abe9cd066a20fb,0.020211883
ck_d58e058b5c553dd5,0.004660971
ck_d27b872648b71202,0.0024387075
ck_4b4a3c5b95c55b43,0.0033835885
ck_66dd4f4b4127256d,0.0052177
ck_93cc12703b500613,0.03694293
ck_d28806a2179092eb,0.99529773
ck_0595c2a0c7881e05,0.001006308
ck_50087d8666191144,0.27933204
ck_b08b3f089138c901,0.0036552206
ck_fe3b67041dad2dd1,0.0035003999
ck_8449a28f7d475d93,0.02162028
ck_8642e3b6d84f49d3,0.011387082
ck_e49b5e4f2f2e79db,0.16905743
ck_437afe412ea4259c,0.2444694
ck_569b83668d74042d,0.20559661
ck_233a487d31c3e631,0.9963456
ck_1fca72e03143a645,0.66549116
ck_79205e31223df2ad,0.0073744287
ck_9625a64406ea16e3,0.0042459173
ck_079bd18dacb704a8,0.23626357
ck_4db6d4fd2b49aa81,0.03820126
ck_0dbefdac0a1868fb,0.009359869
ck_24ff97ad90bdd69a,0.06303721
ck_77f8c5042065d506,0.0044790725
ck_f11be8ce05382cec,0.44500917
ck_c9d72140b0389216,0.055092033
ck_69eda24e931fb36a,0.0009126568
ck_ed471e496916ee15,0.0028240748
ck_ff090498c4b17ac3,0.004244702
ck_c3c19d6a0720915c,0.008577976
ck_af02e1817cfa40b5,0.00948608
ck_2df5a9fc87553eb1,0.0014004082
ck_4ac918e884cff336,0.016042193
ck_ca149244b54ef3ad,0.00043797796
ck_6babe5b8674ff51f,0.0015628382
ck_1573878386886290,0.0033571941
ck_3925f8565abb7fe4,0.010114959
ck_c4de808ae69c771f,0.00085059565
ck_a777c813551281fe,0.008182417
ck_df4424f6dd85080d,0.033519596
ck_85e5494ec20383ae,0.026576597
ck_f71a4094e889c3af,0.002735045
ck_f2f3cf9cd23b2809,0.045008183
ck_18e2076397bcc211,0.023503212
ck_c9f9fddef39bc664,0.034660693
ck_7e826e233d6ea028,0.0016117748
ck_62fd7eb46bee9210,0.0038036646
ck_206f8e3cd72768f3,0.008291066
ck_aa295a11b0a6ab36,0.016725048
ck_9a56739d81f84a53,0.03139618
ck_aa075c418ed9fe5a,0.029434945
ck_62b9fb3db284941b,0.008651667
ck_f4f83b1403ebea46,0.0072965794
ck_16b66bd803288bc3,0.20995669
ck_c4ca1434f3778f1d,0.986214
ck_1b823610371a29c0,0.0052522575
ck_c2bd5a722aa637d9,0.00745363
ck_7890208951df34f0,0.010083539
ck_020eb0e454524ecd,0.0008040239
ck_3b66196ccf436c35,0.0011710314
ck_109fc467ec0a4af5,0.13343489
ck_f3dcd818db92de7b,0.03721365
ck_31e7742f160980ef,0.034444954
ck_77fce5f86f00b8f4,0.066034265
ck_46bc797b4d07d607,0.004986186
ck_37899b1b571b1c6b,0.017129593
ck_ef8a6af43fedd464,0.003149711
ck_bcc8519fe8521038,0.009323863
ck_90696b7182dd9129,0.0218819
ck_4a24ad61d017e1ba,0.0129924305
ck_0acc3d8c67218b9d,0.0069741607
ck_05c97fc9de11aba6,0.06827765
ck_f8ac3a0500c0ec62,0.0050814566
ck_617b65141f546a1c,0.0029343155
ck_9d00823bf60388d7,0.031051751
ck_123c15d93f1840f2,0.22685745
ck_573feefba6bf78bb,0.10450653
ck_b25657bd16739036,0.0017295434
ck_bd26d2bef14a8597,0.007163067
ck_a553418f2fba1440,0.01021371
ck_89f3e380b0686963,0.019158518
ck_b359192aa659bdce,0.004117394
ck_02241f3dc301bebf,0.004928905
ck_5ccc1a1c78cb33ee,0.1223387
ck_349cc5edda1b8853,0.031355422
ck_e9f228845bf6e28b,0.089628115
ck_0a45d033d4e280ea,0.0067045647
ck_7e63168dda612235,0.001612266
ck_676fa5f6aae5475b,0.08328171
ck_74b502b20690ccfe,0.0052122823
ck_073509af21dd7f5f,0.31408995
ck_498a0acd450944d8,0.0045198975
ck_7f15b50b29dead01,0.2533467
ck_8089fe7403c5f537,0.009194394
ck_05b2b04e11d9ae9c,0.010030848
ck_31e70f2f04b48b88,0.0011867315
ck_994316fa5a02b319,0.00030577046
ck_b76510998b9a2260,0.0040708296
ck_4db95c310e105d30,0.0016470529
ck_6f730b77dc6cdb84,0.008045368
ck_2493ee8e7b91d304,0.005017576
ck_92d679d6ac7dcdcb,0.034849197
ck_3a0e0200cbb185cb,0.010395361
ck_0b2eeb4e00ff7955,0.012331582
ck_9843d0e61c37ebe8,0.99760133
ck_e61c8721e3ef1921,0.014734656
ck_2e0eedaaf2980c2c,0.0099734515
ck_9036b2e5e9298a34,0.0028550772
ck_3265442528d51728,0.007850703
ck_f2ddae2eb1cb29b4,0.0074173477
ck_6cfa71d27fc27f92,0.0025277643
ck_f3199fbe84a28b9a,0.010871422
ck_b78d785ca3ef773a,0.003350965
ck_374865697f1480eb,0.0068694428
ck_06d0e4a9189302a9,0.07963924
ck_9c9884b9bcaa552e,0.17872827
ck_fd4cf578e87703ff,0.025499169
ck_1917ef3e6e345549,0.12430884
ck_e70418b00cbbbac9,0.0392583
ck_a60388296a47062c,0.006129703
ck_d598fe8d2c779ab9,0.0047886567
ck_646dc03de4c31803,0.8023531
ck_e4fd8cbd842b6993,0.06571272
ck_2225b555aa2a42ed,0.00836878
ck_6be8ae9d78148882,0.0028529004
ck_4199342d3aca74e8,0.10533176
ck_779581adb573261f,0.28069943
ck_bb303568b6915205,0.0686144
ck_17c4296276448afe,0.019908197
ck_a60a61ac829252a0,0.0039860033
ck_6ea70950c1cae00b,0.95498323
ck_1abb93f6924645e1,0.012141192
ck_faab769cce19879a,0.06808027
ck_d5b8e74e7ca6355a,0.031685084
ck_f11f7691af16ad07,0.00067260116
ck_188fdf2be7c92e9d,0.9935489
ck_4a103f8254b366f7,0.023249503
ck_bfa17a0b1760e616,0.003614833
ck_a4d7f6a5869d440a,0.94910765
ck_58e20f5a3e7f11b8,0.8418078
ck_4becdd3d2696c7ba,0.005400104
ck_dad5cf32ab9f243f,0.005868637
ck_7d9f73dc7c4f90c3,0.13844645
ck_c19371047a2d011d,0.00572705
ck_247589ff532f7aa8,0.0017398016
ck_7a9f241d5f082567,0.001886348
ck_0a2b7078736b4dda,0.0008918245
ck_687b412e2aac7eb6,0.0024214701
ck_fce0b6855886a0b8,0.019950034
ck_e291cc60920456d0,0.03603074
ck_04219a7ea798db51,0.047734022
ck_286bfd719836e9f3,0.11444877
ck_55efc92394fee232,0.0035236664
ck_e36c8da1bd359960,0.030664902
ck_34b0988a97d96902,0.011408418
ck_e0fb11fc9dcb34e6,0.016919363
ck_bcc9cbc9ed8b7c31,0.0030618678
ck_3df8da6f60a89a5b,0.0071661943
ck_b1495ee5c59a6b28,0.01071209
ck_58f4c3ac61fda129,0.019604877
ck_735f244b99e3aa8d,0.008509815
ck_6b93bd8abf87b1d6,0.9238261
ck_12107dacc6d05bd1,0.00084201264
ck_f96db2a1f3448d1f,0.058736753
ck_8fd91a3c99e19097,0.0028785244
ck_910205d25388a0ae,0.00054667104
ck_d229dfa0e4442628,0.006909339
ck_7cdec61e1c488798,0.022644786
ck_f66f06e24ff32671,0.0038982932
ck_350bf14e90b503f5,0.004292616
ck_61fff5fdaadd394b,0.010681551
ck_e934f984bad2ff91,0.20530467
ck_ff6a6d3547dd2d37,0.004437509
ck_65ad9b15979e3247,0.0018976389
ck_bbe1a2ea5a403ad8,0.68891966
ck_6f3a28eecd2c4031,0.006712394
ck_a89b66665714058f,0.0027951167
ck_918c92182b6817cd,0.010312227
ck_64f5eb4be9e7b8fa,0.26209292
ck_d021fd497ea35fb2,0.03975321
ck_004de16f7d8a42ae,0.037191845
ck_a33d2325f86ab12d,0.080096245
ck_89790ff26c844bc6,0.00794119
ck_e6e7257377c37b28,0.15986511
ck_a2cc3910a641a808,0.32872778
ck_646e270e0195bf05,0.004608743
ck_baba5d66def0d770,0.022771217
ck_67cdcdda3033842d,0.009463271
ck_b5c3075c811a2216,0.02178749
ck_515379973a8044b8,0.0037673747
ck_c0ce85fb4109567d,0.02756331
ck_fef850553862aaca,0.00079478306
ck_55d7217b0aff9fa2,0.027005024
ck_8e139f8925ef7968,0.01092462
ck_9e35b908fca1e4d7,0.007751883
ck_59735f4ab2ad3da5,0.0064355987
ck_dc569c1167ccec0d,0.54266363
ck_1dade5592f90a15c,0.03457119
ck_793048d11fb8b328,0.30767158
ck_545b71eb4fa594b5,0.005239781
ck_bd30853e9a57b544,0.011606893
ck_59f46321ecf6d306,0.002454751
ck_260cfe9141d249f1,0.6594011
ck_3365a0ad1a8aa83c,0.0042511644
ck_b0ef193195a2138b,0.0025554588
ck_0f909705e2e60f2f,0.004615656
ck_5a540b75c866166a,0.0072605778
ck_87c26b2f41025109,0.97987396
ck_27acc9f320cda104,0.5542898
ck_a27bc31eecd9cb9a,0.008158996
ck_115d86fabde77b65,0.0036116813
ck_eeca179341d56f8a,0.7753618
ck_8e5999c436cf037e,0.0005084254
ck_510e7c5df1f95d90,0.96592027
ck_f1acf73363925958,0.0040283757
ck_3c177f5970b68bd3,0.008316534
ck_9cdfaa1c30cc9d32,0.001891952
ck_c8efa1538b37c359,0.006013629
ck_a8a2e296f9804bd7,0.026697045
ck_91a0ca45f429568d,0.0139085585
ck_5fdf8a0bdbd3ed62,0.034518853
ck_0f4e2ec66d50da5f,0.014112976
ck_28c53b214b2ee882,0.091364056
ck_003148504557f720,0.10987011
ck_01d840cffb870615,0.67847025
ck_555848d51f4b5f35,0.018419331
ck_df20cc23b8fb8e22,0.0035879181
ck_f9604adde929beff,0.0028704116
ck_d66952b03591bdec,0.011334014
ck_ddcac1ab765ff61a,0.044906806
ck_347386629d96c664,0.015519923
ck_ab01db9117acfe3d,0.007044187
ck_58e5359efc52e0ad,0.0030283246
ck_1a524b5cc8da71b3,0.027004315
ck_e9287b6d909d731f,0.0009010908
ck_bb41a66e3d90263b,0.16912693
ck_e95c8cc1864bd584,0.015729608
ck_7a3f2961e9a8b6dc,0.003972951
ck_378a9df82b1e0bee,0.38085884
ck_42633573639a3f02,0.96532094
ck_2a5a4c18c2c7274b,0.004531511
ck_77549c1a41f837c3,0.012373472
ck_a26704b5b26258b7,0.016791087
ck_9874ad160efddf50,0.0031773688
ck_9111e3a04b14dfba,0.045237903
ck_651e076ee43aea85,0.059919287
ck_391639c0f13932f3,0.0057540946
ck_02dbabda93c8c13d,0.021887269
ck_0adcb1fffcb0a34b,0.01717472
ck_7a43ef9c7b1c67b5,0.02388803
ck_4b9dd69946438d0b,0.0022390948
ck_90bf017cdd37b66e,0.026959823
ck_61c74163eb36556e,0.012938547
ck_13376c59b5bd6943,0.0013503226
ck_62337eccb1672737,0.063338794
ck_16077934338472bf,0.0027377165
ck_0d4dfd93086e7330,0.0141034
ck_3865b7525b910893,0.009464406
ck_7e2ae8b69ebd5675,0.008488196
ck_b4384b6c11766ce7,0.003404333
ck_3d7fa32dfb9fc692,0.04893959
ck_f4a6a7cadd6e0603,0.08384103
ck_212525e2828a6c45,0.010961149
ck_33ad8d53394ba77a,0.5859533
ck_a5051eafe8b51224,0.0048446762
ck_f65e5ff7da565f91,0.015537185
ck_5c37f7563fa7591d,0.007043506
ck_f1e0a006068aff29,0.01769273
ck_c646cdead6fb79d0,0.002021447
ck_f8b3cdffef535330,0.18182974
ck_e5cdbe3aa12c97f6,0.0039908034
ck_986e4e61440506d0,0.053615328
ck_6da9c5912e15d9a8,0.008565317
ck_51d842e6dae74c71,0.01259728
ck_5fc65c24e0736d5d,0.6032622
ck_babb95a76c69509d,0.023194656
ck_86a2d852a9715432,0.0051577752
ck_db4083a0d043def8,0.026030874
ck_96953b8945b7d403,0.007392275
ck_7831ca5c31fb3859,0.045782782
ck_60ac5e5f375daa38,0.015759135
ck_05d44eb1f5f085ce,0.003238282
ck_432cc19c7eeaa46e,0.068153575
ck_7fc513033af061af,0.074822925
ck_ada6ede84c111719,0.038892273
ck_6343e0d3b1c2962b,0.021337146
ck_010264ae04f2e902,0.017860528
ck_e9dcf535f8c289eb,0.034590937
ck_37143d9cc296e6fa,0.0012410667
ck_61fa051192f3e810,0.00605739
ck_f9f93d1d41be1468,0.09196498
ck_c4f4f28457be8a74,0.0028077075
ck_323a71f9452d21cb,0.5926851
ck_170f4688e0acd875,0.110339254
ck_869b1878d09d230d,0.097026914
ck_2f6b33bf46976229,0.029191196
ck_b11e22e75d9b99de,0.012368975
ck_123d75ffb75b606d,0.0024894895
ck_94295287a04c85d2,0.12899067
ck_1b0434f096795328,0.015746625
ck_0a4e191cd0a57ce1,0.0023730553
ck_d2fbd0df99634676,0.003743103
ck_d51df5e9fbbbcc94,0.05225376
ck_2d3d7d64a6f443f8,0.004140758
ck_731943c682c9394e,0.07137641
ck_5ccc0c94e5e1f849,0.019543767
ck_c3476080516db25d,0.023642128
ck_5010ffb1c94187b5,0.0018119989
ck_7ef666d67bc70223,0.011391388
ck_c1b493527224a27a,0.029446779
ck_5d1e25d7acc5af9a,0.017998852
ck_ec30b61cbf517db8,0.0016362477
ck_79323eb5d2e5efae,0.005520663
ck_4085cd3bf2661518,0.007624687
ck_2ca91214c357c072,0.14040709
ck_7f3132d6be389657,0.05416211
ck_e7a6b925c8f39a85,0.009664989
ck_c886adec7bac250a,0.027552232
ck_c3f360c2d0ea0a37,0.010908916
ck_a7acd5b015823793,0.008286408
ck_9d64187c0800f84e,0.00411871
ck_5d4ed73b9efd7d11,0.0021860858
ck_874eca6776b34dec,0.012967389
ck_96a9221a87be93c3,0.12830527
ck_68dd79a51eabf5e6,0.046099268
ck_8311cb6755b2016c,0.0006603902
ck_16fc77b2bcf5ec03,0.97067374
ck_ad9e2088a33c8c72,0.0012371077
ck_7176bbc97b1e42a1,0.0028506767
ck_80dfa54b30f65fff,0.70430475
ck_31c54d540b128843,0.0036761803
ck_43ea894480567274,0.03329381
ck_9c9e8a38bd5a6c88,0.019918853
ck_1c2dcae19539e148,0.1113043
ck_b0fa8b84e94d8ae0,0.0032288146
ck_4ceb43ccd0a81c2f,0.0030155315
ck_ba845332b730b596,0.002575597
ck_73d3e8c6077f61e6,0.090558395
ck_b5d0d223ef56473f,0.025378022
ck_949f08f8e80e93ea,0.003719531
ck_73de0b49709e5f8c,0.0033297562
ck_b5935e9722a39819,0.096714646
ck_96247fee0eb44420,0.024076493
ck_a6def1e4b2d57e0d,0.013694378
ck_aecdc5a96321a2d8,0.0054571833
ck_bc61c59970f8de49,0.0236587
ck_c43b4175fc9ac5bd,0.56514543
ck_8ff7a9b23a55fd62,0.0031578152
ck_20c99b645f462449,0.0044179843
ck_a5ce2ae36fb410d9,0.0012825382
ck_96fb9bf556842bbc,0.012552076
ck_b5e4c6dbbed1b773,0.03694293
ck_2085433978e72ea9,0.04319771
ck_2c6b174b063ec637,0.036996536
ck_b20b81b88dabe28d,0.0022148127
ck_243c18dbf150831c,0.0018186278
ck_2bb6a17e8eee35cc,0.060211096
ck_66147fb994495396,0.21612099
ck_73f124f075ede0fc,0.01728734
ck_2e315f1b1e533dab,0.0074458243
ck_16c7bf94ed3e7a6f,0.0024155178
ck_4a0eae220a762ac5,0.024560574
ck_dc16f939c2f44ad8,0.13492456
ck_817926b449754917,0.0026849168
ck_0c0dde42ab64ef87,0.035756517
ck_cb3a40594da6a2ee,0.034698762
ck_d0dc156441fcfdcb,0.01652833
ck_66f0945add423e9e,0.0033214805
ck_a74f6a3030f5d495,0.09095755
ck_1ae460f331e49ae2,0.024473984
ck_2d177b2f4f0b40c9,0.21740188
ck_92e474e4368c4791,0.008508398
ck_3dee83fa2d109484,0.0053097494
ck_80e5ea27848069fe,0.002419287
ck_ed0c4a83701ca230,0.025475971
ck_0b8b7c5c581fd161,0.0036841228
ck_60bf8a2870956fb1,0.017948685
ck_73a54b56a2bf35fe,0.8964612
ck_2296d7a563424883,0.0045972057
ck_bc19c383560c7477,0.12810676
ck_861d8e3d88f1079e,0.007890472
ck_3f090fc96c24eb28,0.008092164
ck_9a6a1f8102febfca,0.016644984
ck_541b6ad5d2fa5a39,0.013670356
ck_a760d38d1bc4de97,0.029615955
ck_7dca4d7ee10b4eeb,0.028079864
ck_15220e78d1545e40,0.0127740735
ck_ca24bb0de508efb0,0.0067766286
ck_56b389627d8f02c5,0.93117756
ck_48a6754977a44db0,0.0034223967
ck_333a43ec339a04cb,0.013841253
ck_f22aacaf86a65d7e,0.03564083
ck_04bd8a1ffaf3ffd8,0.0027577996
ck_2737a72de6b700f3,0.0077109267
ck_c35e03b0dd0c3454,0.010132032
ck_e0571312f395cd94,0.049470644
ck_09fab6b9825001b2,0.0022583005
ck_18c3a095606209e8,0.012862495
ck_2a97db9377d01e36,0.00049500033
ck_f29dbbfdd2786bd1,0.0024997757
ck_35d6c510ad29362e,0.32826513
ck_5468fa99c945d785,0.030219784
ck_6f8102f62c876cc9,0.005738827
ck_91955aab3424ad16,0.0034630694
ck_9a43c0c73a39d759,0.017271187
ck_60b023af6d1e30bf,0.8538749
ck_9704c5cf8659cedc,0.008151008
ck_7e5f02b51b9f78bf,0.113041684
ck_7d3a88d1aa649708,0.86354375
ck_8250eddc1ecb07a0,0.010890938
ck_d979ef95ee44023d,0.020083426
ck_5e5461dac83531ac,0.010439385
ck_d1bb8890081e0a31,0.0012539559
ck_32246c62640648d9,0.00086395396
ck_77a40c7d2f862a32,0.013137242
ck_1c8b94efe9238f5b,0.003113056
ck_eaf3b6d11bc3cb11,0.0014286852
ck_a4a7ef3ad799c380,0.024588687
ck_d5bd8f68da073cd8,0.08771999
ck_6e6258227fc8db7f,0.0025693413
ck_c35d444e05799db6,0.03212683
ck_74665e1209140ae8,0.014456736
ck_353a272478f7e903,0.006415382
ck_a2c9796ea229a4e2,0.008366038
ck_e0171f91cb3411fe,0.035732903
ck_703499f5410280f7,0.0016210374
ck_ae3a763997f8f385,0.046257902
ck_f7ff94c3df5ac874,0.005366342
ck_f3c16d8f747db046,0.016453592
ck_7ef019ed77276496,0.0023579393
ck_d6a4faadab58a3de,0.0062022624
ck_ba7b78d31d74c794,0.01151903
ck_36287d063350ce9d,0.46893707
ck_5177fc7137ff26ce,0.0022169624
ck_dfd4e79aaa967b63,0.0052634156
ck_fb44d15fb93a7157,0.04781478
ck_fca478361870a4ca,0.020138158
ck_e57b94fe57341058,0.019249601
ck_5448c946cc4758fe,0.01828249
ck_c5ece5ffb8800ad4,0.0010715389
ck_11cb98211b2ed134,0.9503468
ck_f655399ac75c4450,0.009446257
ck_c817259019588d30,0.009224371
ck_8740a14d8096c6e1,0.015036336
ck_0c5ba86f4e05b38d,0.0050077033
ck_ccc917533d4b73d4,0.025520617
ck_9eb80edfa43203de,0.051292323
ck_d1a1cf4cf61d6801,0.04378329
ck_b17c239f160e6017,0.0026777976
ck_410c3e13b48e0415,0.0041665547
ck_ab553954435e8854,0.7614143
ck_bdbb4230c91e1604,0.01905461
ck_8fd4937eadd64fb6,0.0053050043
ck_e0e90b196bef3c11,0.001879649
ck_3dc4d464386f0eb2,0.08645367
ck_51bbbf8f8e8ad005,0.99664044
ck_c05737ab74cf03c6,0.011726655
ck_dceabbe04d99afc2,0.00072035013
ck_5b86fd14e85bc9c7,0.68112665
ck_d4febf0083800424,0.025826072
ck_77d9f86dcf251739,0.0028168447
ck_b4dcebc543deaafb,0.022329256
ck_cb856e75c949b0cc,0.0005124743
ck_61b067de8ffc1ca1,0.07059788
ck_c0e8560ccfd9dd9d,0.0011093233
ck_173e1198c341087b,0.0010945763
ck_b4d55bc809000276,0.024311408
ck_839bf139296b5cea,0.015236304
ck_78cd402a2a4f2e35,0.0020683224
ck_c2925c50ebacbdba,0.001090311
ck_5e3bc76eddbdb0a6,0.008281124
ck_b7793edca26fc512,0.010525127
ck_d79bdf04d6f31cd5,0.027613327
ck_4b97d19ed946f503,0.007104311
ck_37139b41c5370523,0.044906806
ck_8c346eeefa9ce692,0.021103432
ck_2ab7eddee2d8c49e,0.0043461313
ck_29da59ea3bffb9d8,0.18550313
ck_c1d05ef0ec6e4be7,0.0047923415
ck_3882423b449f6291,0.8019414
ck_5647030283171ed5,0.7434663
ck_efbdcd9c181e72ca,0.0048268647
ck_192fdad892782daf,0.09455487
ck_0bf2e13b9f2601ac,0.03518067
ck_3d6046a533057795,0.0024612385
ck_279a1d3a3836e5cc,0.001652218
ck_c375e929becde422,0.010305377
ck_a59e90219939a1f0,0.00072306034
ck_4e9fba1ec54c3ff8,0.026126128
ck_bcbd8588a13f5eef,0.0020016883
ck_5f9a7ff990341bdd,0.004963472
ck_e0403d507519b7d2,0.0093000345
ck_c9490cb61aff5112,0.0103319455
ck_41dd44308e6a665a,0.11122822
ck_76c23726cd7ca947,0.0054209395
ck_9be551300209fa83,0.007679209
ck_a98848eec6c9581e,0.01746926
ck_61176dafb33b2d8a,0.8216578
ck_92de019e05971ce3,0.48553085
ck_5d644224135d7c65,0.0073390286
ck_c767fc454fa215d0,0.0084377555
ck_5df85a8924e11f27,0.01033236
ck_da2729307af06ed5,0.013792459
ck_7c6b577174af7a78,0.0029814579
ck_893b8afbe11301e1,0.0025889925
ck_e06f6fed020ae014,0.0019137647
ck_386680372fb54857,0.0014995956
ck_7a7f3c4fe0c9d2ca,0.002780859
ck_f908b527c4db422d,0.03657828
ck_ec2eee6a133e9a6f,0.00495648
ck_d98934f9fe0b02b3,0.061884694
ck_398a1ed77b0130e5,0.012750997
ck_d960af7a55b892b1,0.003096513
ck_4637e54a9f79e2e7,0.0018298215
ck_02b9f418524f6650,0.010119621
ck_d4b23804cebb045d,0.01995631
ck_35b1939c48182a9a,0.0040456173
ck_2dcbb71e39d64305,0.012873317
ck_47a884dec960ff2d,0.01899816
ck_71fd8c346fde5cca,0.051412683
ck_98e1992ac8e7d2de,0.065556504
ck_ae7780327e210522,0.007560929
ck_e6c584b4b1ad6d9d,0.017254926
ck_344b2e326a6c3dcc,0.006646138
ck_9aa899a5230b0963,0.022676183
ck_e48d14d5b70ef5aa,0.009942364
ck_59d380a0973b3951,0.019317027
ck_11318f7c041a5ba9,0.0050897226
ck_7061786fe2f22f5a,0.01406477
ck_e77529651c416cf7,0.0015360614
ck_7f79878197340435,0.0011600151
ck_b0a0fb0ee9ebf106,0.045706797
ck_70c7679199776a90,0.0075876536
ck_b9facd2210daca5c,0.018171737
ck_9949f53c155b8dde,0.0023394502
ck_1c607e24f2c4397a,0.067626625
ck_aefd1ce3ce093cbd,0.0005718635
ck_5a29b7018e43280c,0.013861947
ck_69eb0b2ccfbe5f95,0.013818439
ck_fe037765aa465c58,0.0066746576
ck_5e512ef5362a3dd6,0.006521427
ck_544a9e80b7fdc279,0.0064169695
ck_7825494e654d5695,0.012161947
ck_f1f2c3c623553f0d,0.00048706465
ck_52730906e5b461eb,0.88555205
ck_01e0689157fe9617,0.026218789
ck_9da82e567074da9d,0.08277359
ck_6a17384072f904c0,0.023127763
ck_8d84d771a21942a7,0.0014777889
ck_39638880292782a7,0.020062894
ck_7d51c86e0eec72ac,0.028195105
ck_45f4c821c70d134f,0.73993796
ck_0af3c13ba56ce57c,0.00092657725
ck_0789a05e061b2784,0.4877117
ck_6ba091eb42ffa9fb,0.15886573
ck_265accb3c5c32620,0.07421435
ck_179039559ff7566c,0.018966384
ck_17c0a6a92b5765cf,0.009275968
ck_59371c9140239fd7,0.0077331928
ck_f9c4f8b4ce2691f0,0.028152883
ck_a2637e4872cf4811,0.07729489
ck_1de43fd6c6c22a5f,0.06864754
ck_6e4f31bd108571f0,0.02605418
ck_da06d97db0b18851,0.016532844
ck_e0346d5081e640e8,0.027942365
ck_c1c7d4e62c9fcded,0.020731997
ck_2595669e421299f6,0.0039530243
ck_3b6057d51fd4c7d6,0.03652931
ck_c5f8ab515840a0fe,0.010910969
ck_435cb24538c6f77c,0.02550779
ck_d84b5403da4cea7b,0.015503836
ck_c2b61a98d1c8f6dd,0.87167364
ck_c9dcd92b2f836b61,0.033369884
ck_9eb5b3f5f672c2b1,0.0058476706
ck_e4cf189a8d31649a,0.00073762855
ck_6b114f2a48152b96,0.0012124348
ck_3fb95862b70f505c,0.08756689
ck_7f780f465c29398e,0.009498391
ck_ee387f9da79e67ea,0.012369359
ck_fa3b1e85d27af2ee,0.013546752
ck_e739eaaa7a1822f2,0.05872441
ck_dfa0ac11fcb1dabd,0.0023757955
ck_6e8751b571ea54d1,0.020892272
ck_2d695f8358383092,0.008067008
ck_e7dce27edb700f27,0.0067772064
ck_e322da8b213eab52,0.0006311457
ck_d0b32e039abb8200,0.0036644817
ck_b354003302b272ca,0.0016193991
ck_f7485cba392bc294,0.041883912
ck_d6a290ff8362c7b9,0.07787959
ck_c56a44fe315c0389,0.0037949316
ck_f77dfe6512eae322,0.011772777
ck_35fe969c58b9e70b,0.15592965
ck_4c518637db2322d5,0.0512963
ck_cb61902798ecc4fd,0.0093679195
ck_56e6cfa32156a916,0.0008746743
ck_343e6ed2b9d35c01,0.0026366787
ck_51440f64f7250ad7,0.014343871
ck_295bca29c34cfe2e,0.019830784
ck_dd30558576b45e7b,0.022436889
ck_3a30132a57181fe3,0.06491888
ck_4a733aeb833406f4,0.0016196234
ck_1b0b7c3d35ab1259,0.009740234
ck_962c3bbf27cd4b80,0.02996772
ck_9528e1d6b1707870,0.020819133
ck_b3263e7f31aab45f,0.016448028
ck_e69195a3c885053d,0.0017978025
ck_a907fa8795cd4baf,0.0007266991
ck_205c3405045bd835,0.0070671104
ck_e81fc223bed3c46a,0.03924887
ck_363751deae40edfb,0.05497959
ck_6176baea8cbebbb6,0.007950362
ck_633e6579f5c74a5c,0.4940328
ck_ddc11fc481eef58d,0.016179895
ck_e975002c979e12c7,0.04084225
ck_8e039b23acaaac00,0.011304775
ck_1d6990d94a4d2ad6,0.0027927135
ck_e7b583acaa3171a2,0.009488612
ck_c0133f60d39b2fb5,0.009264467
ck_7d6bff85e7a694bc,0.043057937
ck_d305b4d82f63f647,0.00083051063
ck_22bd0fc71f95e048,0.05998838
ck_9a65fcfc7916f93f,0.00078678003
ck_d61c837b0106085a,0.027699772
ck_be86a1db08dea456,0.042015146
ck_90489c405e6886d8,0.0022793
ck_0add2c321d579d75,0.02426664
ck_482dea6eed92cbbc,0.013663376
ck_c24b47184534cc2c,0.97667265
ck_fa04ac31e596e7d6,0.012603521
ck_084322dc5a3a86f0,0.009611926
ck_ccb72a33cc1877b7,0.011764457
ck_afaf374009d3b248,0.0017783466
ck_b53084ffede19a8e,0.0023649165
ck_4760216154c8cac2,0.43137163
ck_37ad3a65db673e70,0.004839773
ck_0c2932cc0d553694,0.006918939
ck_86b853c52f20fef5,0.001383533
ck_38703b7546d35a80,0.04463787
ck_218b7e6e6dbd2da0,0.002690098
ck_402db4184982fdf5,0.022134794
ck_f917c82af80e4a79,0.03902995
ck_3c6417a233c68c73,0.013524023
ck_98068c397d70dd3a,0.034443438
ck_b1cbd6679c0f8d95,0.0030230384
ck_9e962f9bb0e7bac2,0.004965116
ck_b08247c3ad567d92,0.09674935
ck_3ef7a03ebb81cfe3,0.0014387642
ck_5d7ae0e3562e99bf,0.012398735
ck_c91a628236baf91b,0.12688975
ck_7f8e816ca51755e3,0.2262712
ck_5aadd286d188f5c3,0.005737505
ck_a037aff5f8128c73,0.002155735
ck_5df6529ce8290906,0.023114746
ck_5f3609511443e5a8,0.0026382743
ck_a6f61864fac3c8fb,0.0036012805
ck_2733fc6ba23ae46e,0.008006054
ck_22bfb9246646eb41,0.91189146
ck_bfc2a57d8fd1610c,0.234904
ck_49839e761d0e74e9,0.006007151
ck_aa4ba931dd37481d,0.0024345198
ck_2f9fa0d61829f815,0.0046855393
ck_5b82c774df10d49b,0.0054496364
ck_411219470d0a195c,0.0052943584
ck_d07485ba10514a2d,0.23914078
ck_219bef979ee21bdf,0.025447894
ck_eb1006e7285184a6,0.007127554
ck_fd242b18575e3063,0.011459292
ck_95188150ff059c70,0.053112105
ck_a9ca2f447b984a6a,0.0129177
ck_2dd39723c4088b64,0.0062798066
ck_aa2b4c662ff213b6,0.011461301
ck_1867b1199c864db5,0.01761056
ck_850ec97a5a0dab9a,0.033440363
ck_562320295fa35875,0.0014650312
ck_bab5759b07fe2bea,0.010188376
ck_b9f1465d803e57b2,0.10348577
ck_8f21f2690c32c691,0.045076147
ck_df87d6f61a63eb21,0.008326316
ck_770475876d0e7e6a,0.0035614716
ck_b4c014d5c0cc9eb2,0.0021100983
ck_3add4d23124c9290,0.0018997154
ck_bce5b7fecfb6264d,0.51435524
ck_604c17cb97dc89be,0.055877708
ck_e52cbcd9aafd26b2,0.0023159392
ck_0ac9114076f5bf3d,0.007304503
ck_dcc125b178b79566,0.0057254997
ck_4e333c09f0c37dee,0.027789233
ck_ff7e31ff8ba731e5,0.0014373336
ck_8d0532d24f1070d1,0.0016247412
ck_3689fa41748a6f6b,0.05987623
ck_7509eb97c1948b16,0.013359245
ck_a9161cf1ca22a6bf,0.0069439597
ck_bed3e3db135b782e,0.05402965
ck_9040edd974ef8e3f,0.5596057
ck_fac32d76ed40f683,0.0024623158
ck_3d7b1078e2d57c69,0.0014115893
ck_dae09c4e074af5dd,0.02877615
ck_fd84507228467b40,0.02039264
ck_e2a2ce9b8cf44c63,0.013007573
ck_cbe716f351d660d4,0.0069603934
ck_cba4162ef29a6d27,0.016279584
ck_4f1e962ff8a29732,0.0052140453
ck_39a81899dded61e4,0.0017211443
ck_25382331551d22a5,0.013895929
ck_6d64e1c07b19856e,0.027044429
ck_165a868bdef28ad3,0.14123406
ck_88774ae52e30e877,0.01470863
ck_fc7a9d0643570053,0.0007825998
ck_c2017120b3b88a46,0.017871322
ck_d115ac6b9fd62a7e,0.009342708
ck_439cf7d51ec7de0f,0.013160774
ck_2468a7e9e68a0927,0.0039657135
ck_7c418947124dee8f,0.11107
ck_fb0cf32c4a56f740,0.007768027
ck_694eb6c43193afd4,0.026505547
ck_993beb188dd4abb6,0.4539619
ck_77fa39d3b733c226,0.062478818
ck_49969a9abc47cb69,0.011315583
ck_d3f44bbe2f7e9b2d,0.0023561341
ck_fcf5b8216d0c18ef,0.0018993339
ck_daefe1e2d2bc362d,0.013617665
ck_9c9287cb28950eb6,0.023560025
ck_c1d1a625b885a975,0.008118658
ck_71b37fe47490b4ba,0.0019316081
ck_5d16e257c0635f7e,0.46380243
ck_15918075563eb074,0.009522513
ck_9a15fdefc47e8d11,0.028957222
ck_6f04d047d1dde75e,0.0009281964
ck_1af2c0b3b8d202c1,0.009777147
ck_174be2231c5fd2b6,0.0025227978
ck_bb0713a2a1d65982,0.004055563
ck_0daec63bd5b0729d,0.053055357
ck_c0b5cc3e8ad2ff44,0.027142266
ck_35bee1fc12664644,0.08523712
ck_a1c7cf63467df4c2,0.0007347843
ck_ecb1e15f0b185ceb,0.010871641
ck_f280d31f54a4710a,0.007638938
ck_30f4b2ee8abe1342,0.2276088
ck_66bed631354de5b7,0.0073149316
ck_c2d3ecd7278eba2c,0.0029891673
ck_e901dec0e09eccbb,0.04970268
ck_5d038ecb3c8748a3,0.0042302916
ck_283c5bea94b21e80,0.003304223
ck_7956c251b85f009e,0.47197914
ck_9f5f81d771146aa1,0.0016103773
ck_9323e6fc1e168eda,0.5940205
ck_10495d3a635b8d69,0.09188848
ck_1982d571cd36eb0c,0.008935847
ck_4f5d7985bcc2eda4,0.0057800654
ck_7df526b2b4410bb4,0.017378513
ck_dbb498b1a346a402,0.0032888127
ck_ef059997563e3330,0.006958149
ck_02ec4e06709e6b82,0.0005625365
ck_9782c86ba6485f88,0.009914802
ck_d69de468b44143ca,0.005095625
ck_6430a8792f400e0a,0.0023368318
ck_8285bd3c90af94f6,0.0021275228
ck_985c9ca112000e9a,0.10477812
ck_e679fbf4f4f4aa07,0.016117115
ck_016e8c8eaf9d511b,0.07367482
ck_bc996c523944644b,0.012020232
ck_5b8315726f6204e0,0.017620362
ck_78181f8e998e442f,0.014525345
ck_71c68dfd011dbbbe,0.21690486
ck_db32c95ce2b6f502,0.866841
ck_755010362a9b1bc4,0.0021729511
ck_114141d85256c9ff,0.0011518274
ck_9d1a5cf5a3b87e48,0.015881354
ck_ab640420858ab5c4,0.11504429
ck_97a8dac48dd62488,0.15149695
ck_879cc3166fe1bada,0.002404225
ck_b0ed11080076e381,0.0014926255
ck_7334a9ec656263b2,0.042335454
ck_6494f0ef13ce44d9,0.004549533
ck_724e459b9ece38f4,0.008009107
ck_7fd8b1470401695f,0.73614293
ck_292f81186358b0fa,0.008117131
ck_fa7de64d37287615,0.035758402
ck_d00e09e66ed6458b,0.30757537
ck_b8d210e741be186e,0.0019229596
ck_3db59982cbae4410,0.00349889
ck_69887d0a9aaca6df,0.0051651527
ck_4feb21e2fb0b3977,0.0014987891
ck_08c6cc1e143475e3,0.008081344
ck_fe6e168cdbb46b9a,0.059262186
ck_07f1734be7fac56a,0.045139723
ck_d66d59981307db93,0.018812645
ck_f928dba0d587d7c1,0.0043290886
ck_786448fe3004cbd0,0.0025082259
ck_29ea329fa40ace62,0.0031264785
ck_7ea52b6f27edcb73,0.029416284
ck_18bc51bbf3ef198e,0.05735793
ck_44950df09ff14ded,0.0040530884
ck_c1466b52c0a10b93,0.025818069
ck_6cdac067cc4db5c5,0.014183837
ck_53f55c6e8cf2d432,0.0026379393
ck_95945f48453ca532,0.0106514655
ck_87cce4126e215153,0.003859585
ck_1ecd5516c92caa4f,0.00073124096
ck_819b482bca14c068,0.33968478
ck_a61a879dd46fc9f2,0.011429464
ck_af70aa32c009c3c9,0.005029955
ck_f4fe78e249092ab1,0.12304171
ck_12c46bc52bf45b36,0.02362641
ck_f05f5e4b40afa52f,0.035740517
ck_0f8cb09d3f4fc980,0.12199258
ck_80a64a7f0275a71d,0.010158835
ck_683af7b1540a0b22,0.03430832
ck_51fe0b613c076cbe,0.0067395447
ck_da1a2450219dcf19,0.12915748
ck_2a7eba01ceba6c2c,0.038925644
ck_4e329e29dfa743ea,0.13816626
ck_0274d881d6db82c8,0.00616028
ck_0af5b7d128035b35,0.006787392
ck_ae0a7be6b0a0ea68,0.015322037
ck_de5bb7a4d091386d,0.1595195
ck_2bb7c17168a9d17d,0.06363089
ck_0ffdff7b2f5fdfe4,0.0035585754
ck_718a8390b3d42d7d,0.0045730504
ck_7c4f12d70f184533,0.0006536053
ck_d3e2c26b8adff099,0.020358855
ck_ac9d3d9754104cf0,0.009675172
ck_3b1766a1d51f8f0e,0.116165176
ck_a9bf75bea912027b,0.045370877
ck_687eab3ffe1f8cfa,0.02426664
ck_25dd0b02af5b2f37,0.10654689
ck_1747fcc466f0ae38,0.002092447
ck_f6e9d14dfb6f3c28,0.036492206
ck_c6a7bbd0adc4d5f3,0.009669102
ck_46656a23f4456d22,0.74929553
ck_7519260415c2998e,0.030675918
ck_754f30ea19df857c,0.08263735
ck_ba88a244d5f7380f,0.013126224
ck_f268416945316815,0.017948685
ck_21860dd2159dff28,0.00825168
ck_7a86ef4e2beaec38,0.0060386923
ck_0414507baeea936a,0.008265048
ck_60796eb60fc3043e,0.0072305216
ck_1e0841ed17fe0562,0.01212263
ck_0d641d32658d6e0f,0.0065182922
ck_b36086ae6d87eec1,0.004500834
ck_962e65ab33b5c311,0.9470556
ck_b046a42684468e63,0.011145232
ck_ab3426435b0017d6,0.029127143
ck_fcfe06e44d09a344,0.020454692
ck_0f6d916c92189516,0.009037085
ck_d4c8f0d957c3965d,0.02179236
ck_2ca83dbd728af019,0.008403245
ck_2857a4ce9f72fbfa,0.0033966687
ck_a60e6edc48e3d0ac,0.14125794
ck_0cbd3b27063d4415,0.10349551
ck_612089ec90c37219,0.026134973
ck_ec4e597f17f473c6,0.0018109108
ck_1c93cc58f314bf71,0.045287777
ck_2b359a979520276e,0.0031309966
ck_1496568ddc3b2d56,0.056515213
ck_41d91dc9f5063566,0.019033214
ck_4c5ff58afe3d7a67,0.0022100494
ck_81709736281fa3eb,0.0017465691
ck_d89abbab3d4957aa,0.004407895
ck_52453401f88935da,0.009228037
ck_a477654d34783e06,0.0024123082
ck_72dd0dbdf808cb00,0.004503078
ck_c183dff3781746cb,0.17805384
ck_c8b7f241810b45e5,0.0019028137
ck_f88028c3f306bc70,0.015323562
ck_91d48d69e4f5d9c2,0.0015936353
ck_b74b9ba6d7c9aab7,0.11529835
ck_03e904682dc73bba,0.017117081
ck_fc6fed6ea96a004a,0.01956481
ck_51efdd240e34c642,0.09862353
ck_e78ab4ff52b5fd2d,0.00245284
ck_4af7b97c24d89a45,0.02055602
ck_295c0072eca7f7a2,0.0036717204
ck_8abd1a50a9227463,0.6435049
ck_ecaa6f13304e3dc5,0.0014367815
ck_de436e7b319be1fa,0.9923733
ck_c802cf8f61466027,0.0028320558
ck_3d83e0a3c1cfbf8b,0.0118666375
ck_28d2003c2d16e4b6,0.0006481786
ck_8ddaf745bbb9cd62,0.0030987363
ck_493b6256091014cd,0.075737864
ck_a2245822cfea997d,0.0041086297
ck_f7305b3c64cf8a03,0.05284375
ck_9937dad93a0ed3c1,0.0038770738
ck_d654449f9231ad76,0.002305044
ck_850e2b59bc535490,0.029923229
ck_e55e5bdfc0242aef,0.020995852
ck_d35c51e981b98c5c,0.02480443
ck_27cdf9c5e6f0915b,0.099094115
ck_d328db1e1052d820,0.010398167
ck_0ea30eff5f361cba,0.027119875
ck_9994323f97109f4b,0.98513466
ck_09054e97bdf9624e,0.00080396107
ck_723b4afc388113c8,0.0052292882
ck_588f6e6a6a6d93e8,0.0029404338
ck_e1d563fab4d6116a,0.0031385007
ck_53aca610e20598bc,0.022272445
ck_c8131ddc7ed33448,0.019609267
ck_899f88464305824a,0.0053414647
ck_1c17c65804f8889e,0.0064253714
ck_45a16ce12893cf9b,0.0039029522
ck_f9d481aa4f9b2808,0.13633612
ck_1d5d74169cf892ef,0.07287018
ck_aba32acb61c1aaca,0.023474144
ck_ec4dd3675a8d28cc,0.028006652
ck_5dcd443fe0bbdeac,0.0017302419
ck_3a47e3f54475e854,0.00084650755
ck_a9aa5c344c315532,0.032614663
ck_9652283c9f61fcec,0.0018640981
ck_752dd3d2487f78ea,0.0061193495
ck_a821980ac4db9943,0.43413118
ck_93e0d6befb67f7a1,0.028985238
ck_e7a3881c3e36bd51,0.07873297
ck_12631b78f8a03df2,0.0020763099
ck_57b8226610b48854,0.0010675311
ck_352657008983fd4b,0.06872227
ck_0841a5c24fd3dd28,0.0045874533
ck_db9b9d5d30f74070,0.4777024
ck_a9dded7f6294e44f,0.06935805
ck_91a16336ce3217dc,0.01748526
ck_371bd9388b287677,0.0014573691
ck_f285e5e1912a7c62,0.00132247
ck_368b65fca69fc415,0.014936747
ck_d27a73596b6500c2,0.0123737985
ck_2d963f9b2c4d11e1,0.02882849
ck_7c500e219af39486,0.014747767
ck_7d025dea5951cba7,0.0017695861
ck_32f632706608859e,0.007256767
ck_53816231f3ffb48d,0.012321353
ck_9dbe184e81c1ca8d,0.13845581
ck_d74123617f22a21e,0.12718941
ck_275386782b1606f8,0.004009625
ck_0b0e79d33e50cba5,0.013014119
ck_ba93cb604f792915,0.03413597
ck_a86cd653472eccbc,0.0031366975
ck_87771861e0447210,0.054087937
ck_212380e0371d8a6d,0.008982045
ck_ef0d702d7b0ed745,0.0034597323
ck_2b8f33e22f939372,0.81413305
ck_480347ad92037105,0.034094814
ck_20124c3a16c53ce4,0.0030749738
ck_c9e1e3229baae708,0.007590531
ck_b1befe967f7a5ebf,0.047152795
ck_4672167d7c989bbf,0.6035472
ck_f0c44ee5e3a42e3d,0.011919076
ck_c416357d20238a4e,0.037355136
ck_d0f470f8078c91df,0.023403205
ck_3a70b4ee59084715,0.032333184
ck_179ed66cdfc1ce27,0.007841407
ck_387e5a7f163c7837,0.009580718
ck_08fb463e69f647c8,0.9948842
ck_732f725747393ec8,0.025485372
ck_7cc5e0fa3ca5a713,0.0094574625
ck_ad4a4daa826ac68b,0.037216946
ck_472e0be7a3b533bb,0.036725212
ck_7190177963eafdd9,0.020139107
ck_647ac26c5900f082,0.004615617
ck_272ae2179bbd8e58,0.003522623
ck_09b0d8af304646bd,0.00039890836
ck_ca0cc8ea9f344408,0.004554187
ck_332ad134fb909869,0.0060320958
ck_fca2798914627dc8,0.0496898
ck_4450b55f462ae134,0.0011375996
ck_d67d9dfb60b286b9,0.0009991847
ck_a9d2bb4f2bde7052,0.0035029359
ck_929bcae878a3ecb3,0.389408
ck_59a9e000fa275e1f,0.019818338
ck_57f17254e2688637,0.014264739
ck_0508908697f60ce3,0.23938315
ck_946afc2943298d26,0.0027352807
ck_7176d12b18f2cc0e,0.0113135455
ck_5c47b49c26cce286,0.017236145
ck_b6a2bdb2d335e1d0,0.9869005
ck_1d58f6caaa4d012c,0.01245946
ck_71c917295020ccc7,0.0116374465
ck_bc89644ae3688995,0.0117264
ck_e7c212f16d6df272,0.011518807
ck_c6d2e11a368184e6,0.001328765
ck_eed7f1f7548df15b,0.04010472
ck_75b69034000ca7bb,0.066393055
ck_38da3bf629458682,0.00073396694
ck_90114c891239d821,0.024850804
ck_8ee08f6777cc155b,0.031023774
ck_bd86132499defcd0,0.0030668892
ck_b95fbf2b5640aa82,0.014423348
ck_c530235393360e3b,0.011497587
ck_be52a7ec43241ba4,0.012524216
ck_d96eb3cc55f2772f,0.026697045
ck_dd34f0a844fb115d,0.040687144
ck_17cc7b411f448e66,0.04696096
ck_856ea65fa27d06dd,0.048173
ck_056d5f0301c30902,0.15815437
ck_e662b14b2bab23a2,0.113170765
ck_209f574c8d92274e,0.01892309
ck_62720b81617896cc,0.006886562
ck_041614694b77e599,0.00053951924
ck_461e3f7b97db8d16,0.032398634
ck_1b74b798eebeabdc,0.01224398
ck_0ed2739384f1d644,0.0011668891
ck_5a4d19f1b83feeb8,0.0005342769
ck_463937167965a1f8,0.01691569
ck_9d7151dbdf100e0e,0.006922508
ck_20a7d1ce6cc27312,0.0024089015
ck_6031211ff118cf0f,0.0022713232
ck_a6fc92aa91e99b77,0.8574436
ck_0aaaa9d2f75a0518,0.012512934
ck_ec26e327cc1848b2,0.0023582052
ck_0e6bebf8ae9b9b03,0.031023774
ck_e107537a4cb738f4,0.0021049217
ck_e8ea56e122a5a487,0.13460632
ck_98149ed45d38c4d3,0.015007817
ck_0e719b3a6906b8f1,0.00050459366
ck_0c6e7bd357e4a348,0.00067480566
ck_d3b2b250da61db19,0.9394042
ck_8bb6b0a292754576,0.34130093
ck_87d70f5fe48a6128,0.0045253783
ck_ea9edf9c107d429f,0.40617913
ck_059806c52cebe4f1,0.09095292
ck_a72d6df666e1c21c,0.020178279
ck_1d2b80ab6c4944b9,0.0013193664
ck_60557f077abc42ca,0.1819704
ck_e5f5cb7dd6ce4a37,0.023734575
ck_4c4a939154446053,0.008701952
ck_50ede3eb561a202c,0.020863837
ck_6d03a542922b2ae8,0.006099351
ck_d6fe761ed0db3270,0.014248113
ck_7f0cd6ea3096f985,0.052544046
ck_23edb6d938a3b87b,0.009019738
ck_799aaf9f2b9ef621,0.011981719
ck_f8f6a03613b6dda8,0.0030740441
ck_7cffb189f4f514ec,0.62074476
ck_c081e1967dcd811f,0.036996536
ck_583d6ca78c97d91e,0.2096607
ck_9332bbc7125219a7,0.0052503473
ck_956b5af6d7d86c65,0.5313242
ck_2d634e3f24681c0f,0.07722039
ck_7b35d218ed0c5a60,0.011315653
ck_ca5b1057f8248f73,0.022062752
ck_ec5ea81cf813597c,0.0031018844
ck_eaebaf4d28400fb8,0.014820234
ck_ae2ab6be219219aa,0.003052623
ck_d99a8b4c820eb46b,0.0018611347
ck_bcfb7ffb7cd428bd,0.009611363
ck_3dd542c2d31be2c0,0.0049096085
ck_c7dd84401e29a7fc,0.004174078
ck_c4bcc7cefd40f8e2,0.0030021886
ck_c251898b5d51e3b0,0.006712909
ck_36d37be780c1291c,0.00068467524
ck_99b4f266b61ae7ee,0.063670635
ck_c37f03995f0f0169,0.00018635063
ck_65a23ac8e44eb901,0.001023484
ck_644b1c1149eea9e0,0.0077627986
ck_9cf44eb0237c2429,0.0049363477
ck_20541686a94fb71c,0.02106057
ck_c18245be844680f3,0.04105531
ck_56de216eda6b7fa6,0.001657007
ck_406c4442dee45cd1,0.014038836
ck_df1585c7d72a96e0,0.0038879227
ck_b8e8dba20676d87b,0.015015891
ck_0ee6965e68efc177,0.023200853
ck_c2a5c54ad8d0d297,0.016142668
ck_bf6fb7e6470e95cb,0.00022770632
ck_27fa694569140345,0.0012179752
ck_e04166b0ce66393a,0.004428126
ck_8742114f4f0cb22c,0.049376912
ck_6eceeafd56b42576,0.5319846
ck_34f9951b0eca1965,0.034471042
ck_384ccecd342a24ad,0.0041817417
ck_49c98bebd1338879,0.0015953478
ck_6c26c12071c91ff6,0.024440354
ck_01e5986ebb9a78f1,0.044003513
ck_121db7ba3be29ee8,0.06652896
ck_039e6d5a330cea1a,0.07897533
ck_ae8c9163cf957d7e,0.03841258
ck_3f5e8f3f1df0c8c7,0.030459348
ck_b1c51fdafcd80122,0.024712047
ck_12e2b5ebfe8986b2,0.010072475
ck_d55eb81a4d543c59,0.013982271
ck_f85155ca5c312c7b,0.0012914274
ck_133d8a1ac7c0e301,0.96556336
ck_04212a9bb9b28696,0.998336
ck_4cc11c7d3ca61f73,0.0019850072
ck_2df4854186ec515b,0.024117894
ck_aa9b28e7fc43af79,0.39082623
ck_47cad6c3def4c9e4,0.003958076
ck_fbff7b5da8111567,0.006185458
ck_bd25ea782e375b22,0.014687146
ck_7989376f8cf64a9d,0.003366838
ck_675c0ca1ebb1051c,0.0021011082
ck_1436f6e11d4008f9,0.006091794
ck_812cb3a4482cc618,0.004904719
ck_6e606f73a1094afd,0.0028385657
ck_1b708e2a4a0584dd,0.0063563595
ck_a60d6b324bae0330,0.0049917744
ck_706a4f673a9fda3b,0.4226565
ck_a75ece9a9044eed0,0.0071300175
ck_9aa45c4e03c8c57a,0.021266384
ck_9fe9bdce982b312c,0.06323528
ck_c6fbdc5ba68a8466,0.032542363
ck_ed0cc1b1c28f9511,0.018148938
ck_a4e2607b4c8021e8,0.000817616
ck_e02f93f51cc8caf3,0.0017635259
ck_7084ed3cf20781b7,0.031940363
ck_cd4c63155570d6ea,0.0042767846
ck_d1b9e5d32d2d789f,0.006438807
ck_68f56f6560a7a933,0.0031875644
ck_8bedacc6233c6269,0.0082286345
ck_ab7cb50407d6b13e,0.0050783814
ck_f17ed7e0fd687742,0.032707635
ck_b0fe4b92fc70f72c,0.0026693603
ck_84d62b8196da2452,0.00814257
ck_9e298cae167f4693,0.004564792
ck_405b20ef9ad0ba5f,0.07839
ck_813e02e1ababd177,0.017745456
ck_f234ab47061ba7c0,0.0017177942
ck_22b587c18363899a,0.0055868803
ck_4e862c2f48c38aeb,0.016061805
ck_b89cb90a420c9075,0.0039327913
ck_be2251640f27a3c9,0.092611395
ck_46bec0bff167ed3f,0.02113769
ck_c0032232c2868328,0.0033558034
ck_030cf09525dba4ba,0.012177339
ck_6ecf56236789fc09,0.9912804
ck_38d4ed52cbe6d123,0.038433976
ck_2d923d957ffd4d53,0.009950272
ck_3af1eb88728ed8c7,0.010316082
ck_2f8120ca80a1592c,0.005507456
ck_6cabb1a133f0b151,0.00653801
ck_bb6cf7e7b707731d,0.87573576
ck_c8307fecafa90140,0.04363735
ck_75f968be67f46d24,0.00999611
ck_df6fe4ec5a233213,0.017175864
ck_b53e88c0e927d896,0.00078224106
ck_f0093064aa28f4d0,0.01690613
ck_ec9976cabc63ff92,0.1119189
ck_30dac0a58c5590cb,0.112192534
ck_348a525791ae6475,0.08045963
ck_b898d912d1181ef9,0.0051234956
ck_f5b1200dc6f95760,0.031873293
ck_54978a073e7a0b1a,0.0033498087
ck_55933936536a4071,0.05689433
ck_d6ba7ffd2ae08863,0.009792227
ck_404e2217fd87fdd2,0.0043252367
ck_dfaafdaefa5716b6,0.14815636
ck_556c62e92d4e7e5b,0.035441298
ck_7ce44f4e06d58111,0.22613968
ck_465cb8ce232c7670,0.00964618
ck_237508ca4fb37268,0.018295208
ck_ba4a6b9aa63964ef,0.016788647
ck_4802a0a7a1882c88,0.24460445
ck_9478dfe4114c30f6,0.0012973333
ck_5138f6c575dec64c,0.009698606
ck_aebb42afe430e2e9,0.0077454303
ck_004efa95555437e9,0.001591213
ck_11af112667c98394,0.004762056
ck_44e9a18a8645c9d3,0.012228494
ck_2605fd571219e28d,0.0019718008
ck_dfc933493561d84f,0.0032737867
ck_67674348e68d1f25,0.012808312
ck_dd97429277a2fa00,0.14978048
ck_d3eab7a06eb48348,0.046586815
ck_0b9fcff9667ec05a,0.00560926
ck_fc4bfd6e739bddea,0.01650422
ck_43292f70a03ddf2b,0.04354712
ck_5ff6108056a3fef5,0.007884845
ck_767e0be086b5f601,0.01634153
ck_b8465b1a5666155b,0.018710908
ck_ab2e3fc56f5b3aae,0.0040649646
ck_1833c81d693c1e07,0.91034794
ck_0308e0602b856445,0.013406012
ck_ccbdfe744acff8bb,0.0050982437
ck_b294aa27a0b586d7,0.0016182924
ck_a3747201f377626d,0.98391265
ck_edde1d7d1db24725,0.020996915
ck_ae3b47d6e1063704,0.031023774
ck_3aabf5e0f4defb41,0.00347656
ck_f034adb57391f3d7,0.021994794
ck_533672fb40531607,0.12709475
ck_2a244f1ae08ef83c,0.007931887
ck_a35d81bcc54ece2f,0.15874651
ck_78a61215675b38f0,0.011438115
ck_e013d88ea7939616,0.027023107
ck_e5018f9418e0102e,0.041669324
ck_d4e024fcda401a31,0.008261375
ck_f736cffbdb82db34,0.001316776
ck_1507f5aa50cdf3a0,0.0044568344
ck_18270fee7c8fcee8,0.0007827507
ck_95ffa1a805a1c9d1,0.0011082127
ck_11132d245b94d045,0.0053251185
ck_7b93a622e40d8b14,0.044003513
ck_3854c08d17704347,0.018812276
ck_7717fcb100dc4b5f,0.0043747616
ck_ba54e0a1c328119b,0.4613648
ck_a7afdac4ecbf2de4,0.2558198
ck_ecfb771ed2352085,0.0033618163
ck_68be4fefc85a6b64,0.43244466
ck_dac7c50bd6d0148f,0.006684845
ck_87cf36a03bd63c24,0.049169645
ck_8adb40b168b59d7c,0.06801821
ck_8d2f62930777416b,0.01943326
ck_9958b58da9e3c21c,0.09172327
ck_9440335375701f44,0.019668022
ck_e2f88e202b6f700a,0.02043093
ck_4c7c50684827a2cf,0.010225527
ck_8a6ea4a79b1c7a8e,0.0033963055
ck_186dbff4b24a3bbf,0.29981133
ck_220fda3c11c59b6c,0.05290347
ck_3acccc69f8b1fd14,0.013995056
ck_9de191bf79afd676,0.0077940393
ck_6de6b1663f9457f4,0.00067177124
ck_062754f8b79b86e5,0.0034596121
ck_aa153a89a52f7eb5,0.021428356
ck_34a6bd3be642f15c,0.017225366
ck_9371c700d9830326,0.010008259
ck_a99e0c258ad7576b,0.0025064193
ck_0a7ba51d626e932a,0.047036007
ck_852c50bbba1ead13,0.02682305
ck_43dc13b6b6d31297,0.06785335
ck_7d81b59d615a6649,0.015207112
ck_39a3f1da060e88bf,0.012468035
ck_6fb2d142c09ed3ed,0.06430239
ck_6e5752b87324b58c,0.0078465585
ck_9441d48a12e8a4bf,0.04637495
ck_09e9c51eb538b255,0.07998473
ck_8d0cd981ed3a183a,0.018813755
ck_57c07c45269ca8c0,0.0039821244
ck_ccfc9ab888ba933d,0.06494558
ck_9658a6ef471053f0,0.0017189385
ck_dac3852758f4ea89,0.00085225183
ck_b1ed2278f5f14d82,0.056318957
ck_333544d173524f70,0.010235145
ck_fd4582e3853ef23f,0.006035061
ck_614d936cef98db04,0.003466822
ck_6bc351a3d57aac54,0.011611888
ck_af5842fa7202ff25,0.008021827
ck_81307759252571be,0.0034647386
ck_b4d2f02d2cd45720,0.17861007
ck_1bd753a4681946c8,0.98100936
ck_46d8c029d46867b2,0.004233993
ck_b7da6640fa2f49cf,0.19155568
ck_9ea3d5a5a91fef9f,0.008530523
ck_7b922518f667f76a,0.00085530017
ck_2a5b31594206eb30,0.085266426
ck_d9506476ad3f9e08,0.020517264
ck_c8791f7ebd4d93c7,0.007019216
ck_b5a3e20fd210017d,0.008024218
ck_8e54386f4fe22cad,0.010269445
ck_75296704f5806f56,0.0043069576
ck_0fbbc7a6af300368,0.0018636829
ck_d19bf4dc0627113d,0.009390896
ck_7951bd4eb99a0175,0.0047768294
ck_059e4fac6b7f704e,0.0032001766
ck_2ce8931af02a2ce3,0.0033099488
ck_9e665618a4860306,0.0009926377
ck_6fce5a893613fd2c,0.0061361548
ck_9e3fbd04e3532f32,0.5036199
ck_55f2ef0de3420e3e,0.05015478
ck_8d87658a6f5d204c,0.79983187
ck_6d6ac1f5dd882aa5,0.011145033
ck_55d0c7012d7ef236,0.02452443
ck_7738eb085e5753d6,0.0029070515
ck_0e6e05c3cc8c8242,0.011569749
ck_8d27ff8383d48132,0.03333953
ck_9afc3bb849f3a64d,0.014328474
ck_27eb86a9898cdfe3,0.021936433
ck_1d40e4fc541abe93,0.40198794
ck_4fd9dc00e1913587,0.9872665
ck_b26cdb2b7b165d2e,0.027626198
ck_a79a27767a02e31f,0.037536766
ck_f0c18cb9f951a71e,0.015732162
ck_50460e0189de6274,0.98015517
ck_5e5280539257c986,0.0042918134
ck_eeb854318b3a6f0a,0.002250896
ck_943f66f28dd24750,0.00064559083
ck_984dd7452aee372d,0.043224018
ck_ecaa6de0aca5e9a0,0.0051065846
ck_8f1cbc432e2774f8,0.0066452567
ck_d91d9f8445b9769a,0.31745452
ck_73c18e03e3c7612e,0.001779239
ck_aded05ada490da20,0.0032556897
ck_f744e208183971f8,0.0015416272
ck_02d4cef6358ad3b7,0.20913671
ck_08ff5bd467226a5f,0.003485504
ck_f824b326d5089885,0.44562286
ck_3420f2fd520890f3,0.021712713
ck_1838cf8d00f5b1e1,0.003299349
ck_a85182ad90b6f1e1,0.0017547555
ck_fecb39c82c43e76d,0.021231739
ck_162513e73782929f,0.014848952
ck_2c27b77c59d8f23b,0.46423358
ck_4221e07b17388fd3,0.08568341
ck_adfb8472d5c3d669,0.041228358
ck_0742fe64055d686f,0.0016900813
ck_5060aefcc8b6f958,0.018154517
ck_643f549b4ac78a26,0.16903578
ck_dba767885bd6ad69,0.02392202
ck_0dda35c0c64c7073,0.98920035
ck_38ea56d43afa5660,0.01877259
ck_d813e15ac91f487c,0.27713722
ck_4c840e5585a7b167,0.20772532
ck_cb8551453a7bb929,0.008015872
ck_05a00b1dd5a03359,0.009006109
ck_837cc7fd48453a01,0.0053907386
ck_49dd816b31fba6b6,0.5572804
ck_86a61d9a39768e87,0.028497659
ck_cd0e76f0e7bb38cc,0.020853685
ck_dbe58392635133ca,0.035938837
ck_3caec7dd6f8d02c9,0.116288245
ck_bfd9bfc5b6ab4a54,0.28027403
ck_2103399bdb2898a6,0.009731008
ck_329f7de7279e74c5,0.0018382347
ck_9bf0d28119fc42c8,0.014474676
ck_f781539b1042dc83,0.0077096424
ck_9986c7d781ac6b4e,0.00550313
ck_a627734880aca848,0.0010357305
ck_2106e509d77fdb4a,0.18951695
ck_420d1a9c604293ce,0.008482712
ck_fce0610c527e2b56,0.005195627
ck_073da541ec3f9d3d,0.03770248
ck_aa5f3ab48c17fed8,0.08669912
ck_0fc1086e1c9e04b6,0.0023943505
ck_5c33bb46c1a5945b,0.0021594954
ck_500948a8d4bd8e13,0.13563202
ck_19becd44f2c3d2b5,0.038390506
ck_7d0fe77dd5ddb656,0.0059264265
ck_f158d9e5f101bb35,0.04274631
ck_cdd7c77823c2257f,0.04475349
ck_6c7b41374f9b2e55,0.005477204
ck_417090dbffb1a63c,0.002017699
ck_dd0e17605f970319,0.009247886
ck_3646515079e6be55,0.012461366
ck_89c8b06aa8c84b2d,0.10849487
ck_e4d6dedd97233c07,0.021052347
ck_bc82fb1895fddde5,0.007215265
ck_88a8b1d442ca3686,0.023361458
ck_5791f8f76a629a4f,0.13621862
ck_9cf5e88e97c8c7ea,0.057143416
ck_58fd684aa5a6f289,0.0006401388
ck_9800c21dfbd8e811,0.0077599715
ck_8ae64df60ab6ccda,0.009623931
ck_e535fb0f0c00418d,0.046865016
ck_48011996d54855ac,0.20862003
ck_ac79c72a8fe3fdef,0.22801614
ck_b8cc2df5192bc49b,0.014759584
ck_e96a5e1f08f8a867,0.008758411
ck_84df6770549e43fa,0.0010416206
ck_e5f7b99ba6ec5767,0.031969156
ck_8347455ab53ff620,0.0026906724
ck_a84f2cdf695a71d6,0.003618041
ck_90456160115f9ef4,0.009118522
ck_ebd178b3f3a9c50c,0.01244776
ck_e1140be6157bacbe,0.010051558
ck_744ffc11d32b96bc,0.023744272
ck_e12a9f7d027e3387,0.0019511526
ck_cbe525da0b69f18a,0.026482444
ck_aa59702537557ff1,0.041909553
ck_0348cc6908f7f3af,0.0013158802
ck_120e995d50956bee,0.16389339
ck_9fcde1ff46cbbea5,0.0028694032
ck_54b0b070689c50d6,0.0039031527
ck_966a167758fddfd4,0.023186537
ck_d5194f2e92fd6427,0.0073105837
ck_2ee84f3fa27f2cb8,0.00080041954
ck_57d0a7eb7eae2eaf,0.08674788
ck_6a2c4edd82e10969,0.0014841929
ck_96e4d38ef670eaff,0.013503865
ck_52cc2fd5095b169d,0.0031603512
ck_4b088920f3a844c1,0.044003513
ck_8f3ccbd20d59f1f4,0.025740176
ck_e5e5dc431bed6f9d,0.0018083672
ck_e8b5bfa6838e28d1,0.013302266
ck_4bfeb78b47b7c6a1,0.021148317
ck_a705c61bd679496f,0.013844241
ck_731869a0c39cb2fe,0.01132181
ck_259eb102342057ea,0.011118258
ck_47a6005fabc33551,0.00938119
ck_682262b455a9edd4,0.0013233034
ck_e839d104854945f0,0.0020071694
ck_761989aa4c47d746,0.020450078
ck_44211dc210139ed3,0.0055641807
ck_9915ceedf63a5289,0.49509457
ck_da59ab47cb6284ad,0.0018920945
ck_e5cdbfcca2456652,0.0030651095
ck_13f2560c6a1ec62f,0.021078238
ck_a0543e9b3abe1001,0.06528413
ck_11c7a58e09e6547b,0.044887364
ck_69587a134d43a4ad,0.111966126
ck_28dc0de0ae291f37,0.028668877
ck_298922703c5bbe05,0.03695495
ck_fa5ba9ed9ed6a343,0.018702807
ck_c08e64d424e56c05,0.016798401
ck_598e036a28262aeb,0.038469702
ck_3f7c870510083a51,0.01802994
ck_364f8203a3e98d36,0.6131372
ck_7333cedb61506ead,0.007454534
ck_1d96d7fd65f208b2,0.0114299385
ck_63133a79f23e2627,0.019560512
ck_901d820e0b72abae,0.0035763346
ck_5dd80b3c01457bd8,0.0059751957
ck_c0b8067c144ed6c1,0.0189266
ck_cebb8aa8c8f62c60,0.0037769258
ck_79749eca42ff1f5f,0.018275427
ck_2cc1d9b587f6da31,0.28750548
ck_ccc7916b56d42195,0.0015062002
ck_e43e53cc7b8b8e41,0.012474635
ck_4ab74a6e7450416c,0.010827397
ck_6e44024e9de301c6,0.0028676193
ck_dd78cb6ae2866cc6,0.008774707
ck_c363d3b050baf3b8,0.03618969
ck_2d46291975f0dd08,0.0029170935
ck_76ebeb5aee42f041,0.02426664
ck_8395f004cf4d4c08,0.00073558645
ck_de7259c3741db179,0.0050114016
ck_3938e92585df2b34,0.01703947
ck_af69bfcf4f07d932,0.0052560037
ck_1723900ab9afe374,0.03181648
ck_3d58628d1c853c8a,0.015847472
ck_12a074db100481cf,0.04585151
ck_8716cbf892c50e29,0.020468503
ck_fbf7351958ad9615,0.009587544
ck_a50370907e6b397c,0.07157737
ck_937402a60df0821c,0.0019465375
ck_8ce9c5807acbef48,0.007580627
ck_acf7d65eaaa4c31c,0.0028205172
ck_ec3eb6dd0967cac5,0.023818582
ck_fc832b0c90c9bdb9,0.76241857
ck_8129e81cde280131,0.0017337045
ck_52c0ef68aa2fb8cf,0.009401166
ck_06f042e9b1b662fd,0.024093593
ck_0bf35dcf7b38f650,0.005527377
ck_615763afc2e17a7f,0.0009828119
ck_e72db9d4b2fc9997,0.95149
ck_13757bf0eeb353e2,0.0021502064
ck_abaf371ec8249c4a,0.07958671
ck_9b7167da0920c37b,0.01848257
ck_2e824b0b27494a17,0.053369604
ck_9a0b605e9c3220c4,0.004175973
ck_a5276af466b681de,0.0011273742
ck_9e0383e1fb6e214d,0.03829552
ck_6a27c44b691dbfac,0.031105308
ck_af39767cf583905b,0.012725895
ck_243b1b9fdd3f9a74,0.0021596323
ck_c0422e638a9c6046,0.012616987
ck_e0f3ea3373dfc4aa,0.008888179
ck_d56ee1654378ffc7,0.017594503
ck_20cd2f5666719baa,0.001599839
ck_4dfa1c1e9b69fcc8,0.021690695
ck_5d22e9ca1d15180b,0.2618158
ck_f4a7ac178fd55f0e,0.0016420236
ck_fd5609bd23a1eaf8,0.0049966555
ck_49c3bf13dc9471ce,0.01804325
ck_724085c3452d4693,0.12844366
ck_e5d1462846154a75,0.052579045
ck_c69ef0f3e7d6acf9,0.10801751
ck_a2d0417791d4132d,0.00696156
ck_00a07fc2a9183c3a,0.004482587
ck_781b8288e54ba8f8,0.1339429
ck_d74a62ab3804a81b,0.00172863
ck_abcbde211b6267f8,0.07916952
ck_16dbafc035574654,0.018342728
ck_018f780215ecaf38,0.010989891
ck_0b259620eac51618,0.0015579024
ck_4f875342394c110f,0.026434064
ck_399e45e5fe9beaee,0.010509224
ck_36224a2d394ebfe4,0.033769872
ck_c189b551bd111332,0.001599488
ck_125c5a720ecb177a,0.021734195
ck_76d010aa02eb477a,0.0021925922
ck_1071d14c46c92379,0.23083562
ck_61d244b2cde483af,0.017258525
ck_2ff1860da2004c84,0.025630975
ck_c5b583490198672d,0.0038435499
ck_1294f7af22fade11,0.23744744
ck_e3a22799716df39d,0.028237274
ck_c77e22834ef97005,0.49217921
ck_73d3689728270a2b,0.012303028
ck_295565fbf77ef885,0.0043490916
ck_80c0a7f54ff4895d,0.002079178
ck_f1ef5cf7f10b16c8,0.029951733
ck_a958b2461ffc21a2,0.18813522
ck_0e7899a57cd617d6,0.0010639512
ck_9d4fed252718f58a,0.008984656
ck_83c2c34add971d76,0.0032002726
ck_9ccc030ba2de9fb2,0.041315753
ck_cd691e3466fb3742,0.009279119
ck_49df70f908dfd069,0.041330103
ck_362ce13eec1e33a0,0.0014244642
ck_2452a30397dfc54c,0.027458515
ck_a443d49c2b4863b0,0.017959893
ck_c8b2e2cb349dd0ff,0.0022716313
ck_354909fecf5da8cf,0.017569441
ck_841f598bbd54c83f,0.034333736
ck_cd6fbd4e8724f994,0.018037274
ck_e0b3158111370118,0.010621664
ck_4c2f2eb657c2c60e,0.0029751938
ck_ef346071f0b7654b,0.008761446
ck_f3bc10e3decefce4,0.0031168333
ck_189b6fbe9b9192e7,0.009570571
ck_5245cbc5ff4d4fa6,0.0042322204
ck_cb42e3be6fe87f60,0.0039146654
ck_966d4d713cbc7792,0.003836396
ck_1c8c969667cbaab2,0.7901723
ck_d35e3aa9ef5d405e,0.1636213
ck_a1c39df50a5873b3,0.03524614
ck_a152165caf295b51,0.007187381
ck_891eaedae139828e,0.005851921
ck_1a46b56f4734d52e,0.020041278
ck_5e36042cfad96c99,0.27682802
ck_02a8582c2603e675,0.0021893065
ck_6def9d0429e4ed4b,0.1652059
ck_e137400825a1e3e6,0.0054585887
ck_d91ab840848a54fc,0.0023942308
ck_becb6e1c608e0078,0.0051240446
ck_6fd8c86ac719d7eb,0.057810053
ck_3ed4d13f12fd9d0e,0.061420474
ck_007337aa99a4891e,0.0033930435
ck_60c3d8306527a08d,0.008229977
ck_95458880a54df0b1,0.25779158
ck_b48cd8593533fc1d,0.76403683
ck_021c6a4a7e3f1f0e,0.0014857117
ck_764d40f865e710af,0.004238209
ck_4b84357ae8ec7777,0.002681112
ck_3397c7856b4669a5,0.0012075037
ck_920bb003b42e6310,0.00096823694
ck_8f59f11b512d5b7c,0.037867785
ck_a3acf4b986afa98b,0.23804331
ck_e89d25ed7bdeeaea,0.006290987
ck_70e6bca473bf6902,0.0009760323
ck_186161ce152836f5,0.0012107736
ck_9191579254663f5d,0.0008791726
ck_1e6628879e9d653c,0.0053947894
ck_b498fa91a0776ff6,0.008278454
ck_cfc2384f22954830,0.123354144
ck_17673a1c2867888a,0.017614057
ck_523dce06515b072d,0.0061891647
ck_c20638a325ead2e4,0.00044824145
ck_d3877e1f907cc148,0.15494686
ck_e9a2495dea8675e2,0.017417014
ck_7e561caa5fa1f3f1,0.025599727
ck_455672e652fe1abc,0.94218487
ck_7f8f864fcc90ca82,0.02421327
ck_1ad36046aaeb816c,0.0021204492
ck_de056e37c82e8e00,0.01719213
ck_7484c214c889fe7f,0.047900148
ck_32430e678c4f9f53,0.0050588176
ck_6276ece8f80ea799,0.008673899
ck_ae8e5dc4b725bc25,0.033649452
ck_f01be92dc78a2dc7,0.0059267357
ck_233397a8bd40d38d,0.0025837203
ck_f8124911450fdf31,0.70070606
ck_aa0a3179f1111674,0.0017548867
ck_2366b29ed9887a5e,0.014236592
ck_1f22f04dfc08cf27,0.0026676115
ck_b62276c3426d680c,0.010636346
ck_d099fca88691f66f,0.17555442
ck_166bd1dcbaf4d6fa,0.00029778038
ck_7b1660e942436e12,0.10314558
ck_4a9a791a1d409a3d,0.059336036
ck_b003e5b54df65db4,0.0069588376
ck_64b4dcbf436f0b75,0.007682422
ck_26e9a7bb2061a58e,0.0676241
ck_08b77ad5f8f73007,0.0025604495
ck_366616a725afc6bd,0.026270969
ck_934fb5064b6eefe2,0.0015510833
ck_c6abd5d57b1009d2,0.005297297
ck_edcfa9e1cf29d813,0.0437439
ck_c30201ebd003fdc7,0.010989658
ck_c54643d94d3ce355,0.041063346
ck_02adda6e91e49650,0.021726284
ck_5b73d7c5255e58a3,0.140593
ck_129ffae92dc01408,0.003987823
ck_fa321945ebedb916,0.026640542
ck_8da980cb2e1e2bfb,0.113145486
ck_0576b00d728bdf19,0.022919863
ck_c543d82e22b3c8a5,0.0015185247
ck_0027ba644f9ae2cd,0.411264
ck_8dbf61df902a6bbc,0.0025166974
ck_90eeca1cda79fd41,0.004059889
ck_86d7127391d4e01f,0.0018558195
ck_73762038c7ff2f6f,0.015631568
ck_a1484e6215fac651,0.22057454
ck_cb83b9f806e90dc6,0.14930591
ck_8c6f059c95872126,0.004961014
ck_3174419a81e7caf2,0.005473021
ck_6a0f8f8fa4a3c2bc,0.011497999
ck_b5777605668bfca1,0.0076158238
ck_27e4de495abb4d15,0.036610134
ck_7f6fa79c7a107161,0.0039357757
ck_c36ed9f8e6792ea4,0.0051678363
ck_67a1aa88d2ea554a,0.056806426
ck_09748dfe4df3d540,0.0059523103
ck_27fd85b1e38b675a,0.0012148839
ck_2369689bd795ee10,0.003370746
ck_4eb1c12f7d092bac,0.0025478883
ck_01fbafc42c8e33f5,0.007936815
ck_93c4e05699b3b7d0,0.0015676103
ck_afc484d1b6907983,0.00091522525
ck_1b2d9cae92a1aab1,0.024223736
ck_73b729cb161487f2,0.0065352856
ck_fe3c1d0ac090d960,0.024719521
ck_408efac1d3885ff8,0.057001654
ck_ccb4dd9d0a48a76e,0.0176115
ck_2987eab34ca7805d,0.01695316
ck_1dbf1f15193197db,0.024774129
ck_4ed711fe4053e74d,0.023389509
ck_6c54adce174f45f4,0.004037861
ck_a6c740041faf0bd5,0.0018415424
ck_b05c4d33c4f43639,0.04913312
ck_032880f1114dd51c,0.024324367
ck_22311b037456a76e,0.0009348722
ck_5866b413549765bf,0.0015072577
ck_0e808afe2570ecac,0.008111328
ck_634276b05f4381f8,0.0066513564
ck_5d8773badd0d4740,0.013854947
ck_82b5b79ce3517102,0.8996112
ck_b378b8d8100ee4b1,0.034175202
ck_54e581f71be5430d,0.013162347
ck_798ba4b8aa544fea,0.001861116
ck_3fe86b6331ff95e3,0.33509603
ck_81275d9d4c559e6f,0.008256661
ck_99a4e5ef02d89493,0.019440066
ck_54e2eb018d947790,0.0025489768
ck_966901ea9c77cc02,0.0078098522
ck_27d69ff4e0cb428c,0.13043587
ck_2cee2dd7bbfc09a0,0.8046831
ck_4136b00924695ab4,0.0005180807
ck_59a164c40c03a45f,0.00081612705
ck_3e24b026bc66789b,0.00040441766
ck_8105bcf69a75ee47,0.004064187
ck_7a1782cefe26a456,0.26186317
ck_970c7dc195161272,0.004740174
ck_a48ec0c00ae20e82,0.019245164
ck_54b374ade34e1dc1,0.0057597933
ck_74e5dec189761d14,0.0024139672
ck_4717f24f2c6f40e1,0.029908706
ck_fc8cd8a8209e802d,0.011372104
ck_71db4131d7efe218,0.0049344064
ck_45424ea6f0bc4650,0.0097971205
ck_3716c6181a5035bc,0.0070719635
ck_26de14b96bdad4f6,0.002609579
ck_99c0a41ac9c73857,0.025553249
ck_645f15bbbcff3b4f,0.9932172
ck_b7e25ddd41514d4c,0.022164924
ck_d5c14e877ca7b755,0.022701925
ck_05ea4440dac6cfad,0.009010022
ck_c58bafff7b1955cc,0.024457851
ck_f0cf85b67a9b840f,0.020607267
ck_ce1500a7f0d03fba,0.0011417913
ck_d4972a775aadbbc8,0.0029035057
ck_3eb6146c262e0fc3,0.0037841268
ck_afb23858a4ef42ed,0.991512
ck_2c1def5c91c52a5b,0.19649477
ck_72e550559487b919,0.0043729176
ck_0284dc2b4f856b3a,0.26848483
ck_03be334935e999a2,0.0059803864
ck_e35a4b4a3cb4cedf,0.0043797097
ck_5abe57dfff4b735c,0.06390271
ck_f5f87f772388efa0,0.012367717
ck_5a22cb36d612236e,0.002597752
ck_8ff1e6028e764472,0.6140172
ck_2ab28149b0986642,0.021888662
ck_c88fc1bac79fa6d3,0.025664542
ck_5b137d74bba6b1b4,0.0018667494
ck_11f362dca2dfaf5a,0.006845862
ck_7f960541e5174565,0.0055186376
ck_d5458ba39ae94498,0.018561047
ck_0a921a73a90c2e39,0.021578757
ck_6ad56ef40086dbe4,0.0012940562
ck_b68199ecccf2350c,0.004050387
ck_6dac66c8198c07d8,0.0069534224
ck_9b9ce7bebc235fe8,0.047731895
ck_6b817117d87063a8,0.008762324
ck_900d62b3184378c7,0.004963705
ck_eafe9b89857149b5,0.0061420496
ck_e74716a525ee5b24,0.00084253034
ck_4e9a6f06ab134102,0.016200986
ck_b0d33b5a3716661d,0.0021828203
ck_8703543bf3134306,0.0040928503
ck_923d6a0f83accef1,0.020228043
ck_52e37e2170532e2a,0.17763655
ck_c1c5ea839c58958a,0.014521406
ck_660f0006780e87e7,0.028567895
ck_830b2c5d1818ac07,0.023374384
ck_b080ff636932d1f1,0.0005702586
ck_38730aace405f2ae,0.99721754
ck_9790138467a06223,0.0006862002
ck_10de0b0d86b17839,0.01840782
ck_c3e37a4d3382c32e,0.008469183
ck_dd8edfefa1eba531,0.00418514
ck_8153cdadd300d234,0.0010102094
ck_74d0e7c2c6b63d36,0.98878247
ck_c478aae3031bb328,0.004686591
ck_cf301f2194975866,0.010563579
ck_f4de03f44e3a5bd5,0.009026403
ck_b06ce826e593b210,0.028979663
ck_2fc70b6baf6a0e26,0.0015898818
ck_d208494cf5c90047,0.03789917
ck_086d29ccae565e5d,0.00091643556
ck_d5ef6dc116dee408,0.0060801525
ck_fdf0c5b722d83464,0.0017292316
ck_de8494b13adeffb5,0.006244001
ck_556786868599143b,0.013240728
ck_4940e78cbdcfecf3,0.0045056203
ck_d32fbbfe32c00416,0.013253362
ck_bc7710f7e9fae649,0.0039779544
ck_416f7ac57da081a3,0.02266045
ck_6fb39b60c67d5475,0.0010302073
ck_e40a156511345d6a,0.0010959499
ck_49ab879b5aa7fccd,0.07724564
ck_bb643194d1cbc47c,0.9960135
ck_b3ce8f1bcedfa043,0.0027524922
ck_558ebde8c29132a4,0.01433885
ck_e6222925762273b8,0.22971638
ck_bd80546b4807dd59,0.013822658
ck_bd21164bd2bbb635,0.07155688
ck_ea835557d7043667,0.07321369
ck_1411a80a157ff39c,0.017821526
ck_ab973888c20c9120,0.07913184
ck_95b48972061abe82,0.0038783278
ck_fc4a43f8876bf10f,0.21427758
ck_f34fb7ccf82f41e5,0.004340764
ck_5af9934a56801ac0,0.002636369
ck_fc7445ec76389a58,0.049506757
ck_1eeacc26f02fbba4,0.01041972
ck_4f325dd15c9bd45c,0.011267705
ck_5009a6c8bbaf15ba,0.009073745
ck_0f3de7f074bb33af,0.009438108
ck_2cbc2f93a32eede8,0.02409056
ck_4bb90a61c21a303b,0.0077921664
ck_3ade9eac7d7b0dbf,0.27712718
ck_4859a58629622915,0.2986763
ck_5fed957287ebca03,0.003811549
ck_ec01ae5351500355,0.00085655006
ck_703b41624ae6a5b6,0.004562236
ck_97c38e7f61c27e47,0.011777087
ck_db2c0908150cb2cc,0.038021058
ck_64ac5e6fed86ab60,0.84790736
ck_da1c853b0a061e83,0.005255076
ck_9a36916b60178ded,0.4836554
ck_3715bfa7fed2c675,0.028783092
ck_dd3feb77d7d4f6d3,0.0043271324
ck_982ebb24174a4ade,0.0075232065
ck_f6b7a10d47dd9a1f,0.011465873
ck_1f56fe99f250cdf4,0.012052145
ck_deb3ac0606d6f6db,0.0050633
ck_e666629e5a41b39b,0.0024244967
ck_756d2c13d02b3e09,0.009353151
ck_7bc752ae7cf5d55f,0.012713231
ck_fc0cc4b25e6a8194,0.0029828984
ck_9b2b0e286de78a1b,0.0077513806
ck_24b0803447211bf3,0.03231331
ck_82eed68d05a42128,0.007899261
ck_c8a03c516ed5b05c,0.07226968
ck_e914974cee1bccb1,0.012480076
ck_0c533ff2d0f9962a,0.004129879
ck_c12805fa5d970a83,0.044989042
ck_fc2cb29918631f10,0.048045855
ck_c20e89afe575549b,0.0034886026
ck_e1ff9e31becc27ae,0.012158041
ck_18116d0ac08f1996,0.9840433
ck_885a83975cea5e64,0.0021745346
ck_a0c3059a959ba5d1,0.008000186
ck_75257ca7d7da2861,0.009451747
ck_2210f7a0d13bdbef,0.020881593
ck_9cbd9ecf8374f65f,0.006508656
ck_18f67c00ba21fbde,0.007136678
ck_2d28f14d3973d8fb,0.0072043184
ck_8b3401b44aaae728,0.005622278
ck_9d8e9ef37797d3af,0.7435658
ck_9f50920c894f64e1,0.00978456
ck_4737e0d56c6fa0a1,0.014687568
ck_52c311f29ca3aca9,0.0016633413
ck_6a4981bc721df37a,0.011398253
ck_823539d936c55fc6,0.0009991594
ck_df5aedb4118020bf,0.98183167
ck_a911a066ff0f7b56,0.044003513
ck_684609767df4a14b,0.068877235
ck_f2350bf355dc919e,0.00849531
ck_8452b6cf97c65a5e,0.0676659
ck_084cd84501012218,0.6441511
ck_ace6b72e5bf3e93b,0.08976164
ck_2afdd69094c955c5,0.07516997
ck_fa7d5be26bf7b31c,0.124716565
ck_4b041217690fca2f,0.031150362
ck_9fb8e3d38cdf276d,0.65389603
ck_c1ee56d65a42f59f,0.005110242
ck_fdeaa1cd085691f0,0.03703604
ck_5de33a7a87e9aa62,0.0143135805
ck_7476e7fe1ff45545,0.011469235
ck_b0a947b498e47018,0.0044321553
ck_e3894ed88a7977e4,0.07607301
ck_c7e07ebfb0bc15f6,0.09714847
ck_3a3daa8b376f2a18,0.0013378793
ck_87809324c2675b0a,0.009999867
ck_7eb4f33260f1dcd4,0.009810434
ck_ab9f0e08af030060,0.0123426495
ck_5b8fc4a76f340797,0.009227775
ck_0e7bf10ef49aa818,0.03358276
ck_a44462a3853ac67e,0.9861761
ck_2d14bcd2e0fc043d,0.0027182796
ck_df1f2dba802296be,0.7249071
ck_466a7316eaf149b1,0.012904228
ck_50df50af592b0c06,0.0069007725
ck_5f9e34c849704b95,0.0047776815
ck_7836bf6def26aa87,0.5062623
ck_ba175b1bd8efaabf,0.0038245707
ck_1a0aac7f7b94b1be,0.047887225
ck_6768c4b2aa8ce586,0.051761348
ck_eefcf0ed15897898,0.008063338
ck_7a6cb27e390b6ceb,0.0018466611
ck_5275be4e1577c1c7,0.005349598
ck_6bc0e5b8c0b7d2bd,0.05130358
ck_4874bdec79f9106c,0.030618891
ck_a678731156ad7bd2,0.13700698
ck_db906debc36a5d1e,0.017012792
ck_e87897767c612942,0.015690146
ck_45ed5ee496ef8a67,0.014968085
ck_ae20e28f9854f3ee,0.013157002
ck_9ee044b73943a90b,0.0018088322
ck_dab34cf6f0626c9b,0.017751832
ck_64a02b7b96149810,0.004969358
ck_c417d06f3e94685d,0.021975555
ck_3e0149cdee4cb294,0.02451913
ck_0e6046fc30f81705,0.012363937
ck_c383aeabd53e9c89,0.02235555
ck_2ef76f1f36e8b869,0.12014623
ck_43948784650bb9ac,0.0055726697
ck_bdb966f43ac350ee,0.055269305
ck_5bea0e0ee0b094cd,0.024667626
ck_dff090f03ca5529e,0.0058673155
ck_a4691b57f837d88e,0.045010373
ck_99ee90946395d74d,0.3739172
ck_cc81dbc83a8879fd,0.005767627
ck_f3dc0725621b3a35,0.0035474133
ck_1bb212d1288b9689,0.037756115
ck_9e7278fc7679f002,0.062196802
ck_3ded7a8720d7e311,0.0025205142
ck_798157bcdb9453e1,0.00223593
ck_9fba80f56f357fe1,0.005628941
ck_f1e1c8491f16f912,0.012135966
ck_7b1319a5ca2f63c6,0.9498761
ck_124432fd5c92af7e,0.6807616
ck_148cb0c723284dc0,0.0016677434
ck_b56c62c950eda009,0.028185003
ck_a0498755cd8d7188,0.0003373871
ck_5379452a9d74efae,0.0038292264
ck_6c2453229d608183,0.03542931
ck_f9d8b4813a88c1e6,0.007878943
ck_c2c7d1e45a521857,0.01566176
ck_4364a83a11743888,0.009599446
ck_2cdf5fd97ba75e06,0.025036016
ck_71bc01291e0533a0,0.005229779
ck_a725d7aed2a0bdc2,0.0024559223
ck_a9b0c4dbd7db6a91,0.021676041
ck_a4258806a533efa9,0.008849459
ck_905e460591d9a278,0.26318035
ck_20de8abfd8960ee3,0.04494895
ck_252b0a0f1119b220,0.004004553
ck_95e4bef65c36af1a,0.0022751496
ck_5ab68b434ad53fea,0.0011380104
ck_13677a1957078827,0.0020825556
ck_d251e9fa09e542dd,0.99084455
ck_700cb620f300dd47,0.0007554492
ck_39a68c55a1bd3ace,0.1676499
ck_61a59a7944d6c53e,0.13925067
ck_db6d1c6d31da967a,0.006930678
ck_650020c500b1b50d,0.0038615658
ck_d812eb6930192793,0.0026854516
ck_92f6ebc11ebca89b,0.0107783675
ck_d87e26eb5bc84b01,0.0017049327
ck_66439e697695224c,0.0024384186
ck_f21efd504faa654c,0.0032395164
ck_15eed0f5652f0352,0.007572018
ck_bcdbf57d98dc0d27,0.05532646
ck_873ceb8004d3a9f7,0.013375382
ck_70bef9ddd4bab005,0.000664133
ck_7560f1891d66f294,0.005220165
ck_f439f16f8693883f,0.004777022
ck_14f9535e53f9c7a6,0.005686988
ck_5984be472d2bc267,0.40535563
ck_ed01be7504dc4187,0.114965305
ck_dc3d8b5c17b67ae9,0.0061583132
ck_9dc23031b6b494af,0.044003513
ck_fbdac0221bc03f66,0.016339539
ck_863708a99b92ef0d,0.0050768233
ck_22b52654776a1ea8,0.11974784
ck_a0714f98001efa0c,0.02076204
ck_9c56114f84e9a541,0.013605469
ck_e155cf506b2fb699,0.045243792
ck_65ed7e72f24731e7,0.0060757077
ck_822d6e8e43befc72,0.035115536
ck_b1182471d9ac6b26,0.0008832402
ck_821446adc95e6da5,0.00753978
ck_ff182f033134dbb8,0.033028744
ck_9c5feef7647b0588,0.0062107914
ck_df935d8bdd44883e,0.010981069
ck_01eb24c18ad11fca,0.13259688
ck_00d6730134a1eb51,0.03197539
ck_79ba8e85678d0224,0.0048913136
ck_97e3b04a1350f6e4,0.005792857
ck_74e9747954a46eaa,0.05421786
ck_397d5fcc9972f909,0.044003513
ck_9ede89e8a43c3f53,0.050354432
ck_303b33910d67f306,0.010079918
ck_3c17841636f6f7dc,0.0054230043
ck_78730527f8ba1438,0.19678614
ck_5ee32bc6bb5d1d4c,0.07408692
ck_a13fee8cd925d0dc,0.0017587342
ck_6f847263379f2e43,0.024967501
ck_9b9d9e579e7b55b2,0.15321566
ck_87c1d0a79e79c84b,0.006079902
ck_bfc453eabb472f91,0.036607094
ck_978c21bb5fe3171e,0.01486629
ck_dd882323474431d4,0.026700433
ck_533c4f7400d5ab22,0.12920529
ck_5f217bfe28954e75,0.9949851
ck_ae96d35465b3b4bd,0.0040530926
ck_512ebe97c0af94dd,0.0699794
ck_f558fe02bb0219b8,0.016652634
ck_84092e23d5ef4d51,0.06715762
ck_17d3022ca12eacd7,0.007249173
ck_8a8f81bf3558fd9c,0.035625983
ck_0ada6fed1864e7c4,0.021843672
ck_21fe7bc59dcd78fb,0.0008504368
ck_e136e20c1c74fe38,0.003967059
ck_e7a530e09d113dd7,0.31737378
ck_7cb0c9ded4d63027,0.008668898
ck_102db9615e722c9e,0.016683843
ck_129e39ddfde92eeb,0.002611286
ck_d730ff21bfd7769d,0.008631606
ck_54459b45d2be8459,0.0016190122
ck_7f1c20319eb60aa6,0.99606043
ck_939fede90473e412,0.001090311
ck_e0f9506a6d5f4a1a,0.0015390343
ck_9a4967cdf49265cd,0.16735306
ck_b9eaf03453ac7d5f,0.0018832388
ck_522477be6376b450,0.0123719685
ck_9b6282e3bad50710,0.009168094
ck_a0e3a2facd508e49,0.027935747
ck_97ffae702f7c3d08,0.0035488345
ck_344a95cb7115ec67,0.0086862445
ck_1f2760764afa45e8,0.020611167
ck_720cd658d11ea428,0.06463777
ck_04e32ee9834c088d,0.16761948
ck_2bb1389e5e72c8f4,0.010346119
ck_961e7dbc217cfbbc,0.0035305056
ck_f3bce4eccfa6d6bb,0.0014297978
ck_e0ccfa0d689339be,0.0046248445
ck_98217aeafa0bfefd,0.021428356
ck_a02aeec1914c158a,0.014203125
ck_20a17e8f206a14c8,0.007498251
ck_114c32aad4b6183f,0.042891428
ck_79f5198f0decef20,0.0050468193
ck_2209de229b4c71c5,0.0055084955
ck_6ee939b7f396975f,0.0065504354
ck_202f0c14b07ace01,0.10819644
ck_fa24db9d416ab904,0.010419459
ck_cf6aa24b92c4d33c,0.7197063
ck_45f57fb8194cefc8,0.020622125
ck_d5eb179dc45394c6,0.012783158
ck_efb24be983342f75,0.005972953
ck_245f5d62ead5ef28,0.0037956494
ck_15fe2a47fa7e92ea,0.016726412
ck_b6527a85fd682554,0.024481693
ck_11f9390a11ce9ff5,0.047177177
ck_ffb4d892c5158201,0.0018099801
ck_d4c1da5a1427fd6a,0.024002768
ck_2c041b1efb1c5063,0.0035751264
ck_ecc18f40b33be769,0.063114636
ck_0525349f3945375b,0.017865172
ck_0bfe62e0c7eab9c9,0.05316926
ck_b7c37d410b1646c2,0.01604071
ck_4b15b0746318cf42,0.056946393
ck_e5ee006ecd8ff661,0.033480477
ck_ccc83cf66365357b,0.062501356
ck_34a33ffe8339f66d,0.8643261
ck_4e39e3b165edab58,0.6468355
ck_1a71f8081ae00190,0.8238986
ck_ed8f1200fc049c40,0.8236531
ck_8a5a57858e8c77f3,0.006508311
ck_fff9fdc2adf5100b,0.7480343
ck_c76f1bf40f3b787b,0.0007317603
ck_1a6ddfeef82b1b1a,0.00777552
ck_478d2667aa9896d9,0.08577757
ck_641c8e7694b21f3b,0.019994782
ck_293581d879f6663b,0.17864004
ck_1bfa8abdb22be8f0,0.2423318
ck_05ab5b03d0bf9ce4,0.07830559
ck_35694db37f0cde7a,0.00093659066
ck_fe33eb743d714c03,0.0035242625
ck_abd10fbcbaf2b038,0.22896625
ck_46d51648c1bf80e5,0.42154974
ck_5c8390017fabfaef,0.007215579
ck_87d55ca333f22072,0.0014325632
ck_c39c6a1453e2b92c,0.0037534751
ck_69ff1b0aa143a168,0.0029600975
ck_e57c79eaab35ded7,0.0013754795
ck_463ae759e2b6ad1d,0.010865506
ck_0dae4a7eb587f3ba,0.010825554
ck_9b12fb56529ebc4e,0.011404401
ck_1af547077ba2dd03,0.13633639
ck_de13de941bebc7cf,0.0007985443
ck_83dde7da2bf647ac,0.00214188
ck_c80a94d4660041fe,0.003640116
ck_f39cfeb277ef6528,0.0013028783
ck_1cec1ed1512a2d3d,0.0031728474
ck_7955a359b6448799,0.0051869415
ck_8c0955dad13c3ca1,0.023341322
ck_6d4cd2de601a2308,0.0058988985
ck_f4536ba8dd2d551d,0.0068026655
ck_b379c198d6db2d62,0.024279831
ck_76ea90ebc74bcdc7,0.032251388
ck_734f06bd4aa92781,0.01417104
ck_677e1d0c14cbf569,0.033095323
ck_259271c70f3fbcbe,0.05936006
ck_c0b744eb9e7d4eb7,0.013208066
ck_3d41faeb96802f68,0.0021654684
ck_8f604fa70fc3c8e3,0.0092384275
ck_0b3c3bea0e0ed339,0.0019118859
ck_be5df076b8a86409,0.0004831453
ck_6a475fe324d7d790,0.019956632
ck_3ba3fa5387bacee8,0.00069456256
ck_324b9939d9c1c31e,0.0015695818
ck_a7fcf7b592f68ca1,0.010982675
ck_5b2728f7cca414ae,0.00083671394
ck_5f4a25ffd0b85a47,0.009318289
ck_63d4f5076fe4406e,0.002716078
ck_af528d66c86f0cb8,0.003686273
ck_ac7cdb9b8da7b5dd,0.02732183
ck_3bece63711407e25,0.002683334
ck_d4e0b2a12fcfc35e,0.005378598
ck_ee3e7c9d3a9c74b4,0.026336454
ck_50d7c4dab837bf66,0.02938863
ck_ebcb93a2990fc914,0.095379785
ck_2329cc9702cdf7a0,0.008595268
ck_db1fa53d588bf99e,0.004233754
ck_44e57a0bad5a0745,0.003598636
ck_472c81a144f4631b,0.0010135812
ck_1658429acd5306ba,0.0124037
ck_466103ec5bd9444b,0.02414946
ck_9757163e25262b74,0.02829337
ck_34ed59bc2c9b0186,0.0017759993
ck_b7bd3a7f263f4f29,0.0070952224
ck_149662b09d632e41,0.006871089
ck_a9ffd6b3957bd41e,0.008796591
ck_ab80466ef615e85c,0.0009044067
ck_f2c824d3473db24c,0.00574563
ck_a4a01fd45936b078,0.03581442
ck_8f6ce158c2902877,0.020757144
ck_5189a302cfa7cefd,0.00093224423
ck_430a3d03be588201,0.03269056
ck_b5f9dd00914b4db4,0.0045384555
ck_52dec82e9cf6135a,0.015202528
ck_95e444a01e2ab4a5,0.008553662
ck_e37cee7b123692af,0.04198679
ck_d68d42858a55adff,0.026747074
ck_3abfc010091d679d,0.0062038815
ck_cee4e4e1b62bf82f,0.0072938134
ck_9ccb17c35e636c5e,0.010737032
ck_f72a5a3b0d6c1177,0.0018435366
ck_7508aa554fae6afb,0.15250957
ck_003aa842b7ca1d77,0.31612986
ck_83b2b192f41ee2bc,0.44060388
ck_64796b6b2c3c7f06,0.0035517784
ck_6438ae81d43cb196,0.06625812
ck_2bd73d9098504760,0.05353519
ck_aa8b9b36a099e4c8,0.0023923728
ck_e5ece47d0dd10526,0.008014537
ck_16077ac345472e6a,0.010532942
ck_a4d6e152b0076964,0.0039566904
ck_d90b1d03ae151f62,0.006474311
ck_18b36d342b530af4,0.015694225
ck_2a01e610348b84f8,0.023696221
ck_0a93ed76bf36c8b6,0.011143857
ck_3d56b477fe2370b6,0.019010108
ck_17ab3068fa303682,0.009253838
ck_592a3520d841d11b,0.008680831
ck_84d07028b5fca2f6,0.014151908
ck_f4a2bb10afa85743,0.008014602
ck_4fe4b072f03f2c1e,0.0006824752
ck_9ad08fcc183ea1e7,0.0011315807
ck_130d3848b9dcdb05,0.012720001
ck_bb399ed6bf28c230,0.051950626
ck_a31a64a39a2c4941,0.0023986618
ck_c49f25dfb39909cf,0.0042070732
ck_55f50a9ae2db8ff7,0.0015382444
ck_09faa4e771cf876b,0.011776756
ck_df520a7a6e405889,0.08436358
ck_8c8c98cc694ac900,0.022904156
ck_7f0c4f609673ef62,0.022629792
ck_f51fe59cd445d2cb,0.006287834
ck_b3fb83f0d772a831,0.012989111
ck_d6e7e257751c299b,0.01650761
ck_0d362ddb4a1cb6d4,0.004412421
ck_a574a08edaf81781,0.0024820112
ck_a823f5bcb0e4b9df,0.0009142504
ck_f792586ad0381eac,0.0391023
ck_54bfd70022c66983,0.004028623
ck_fe0a9372c9372de9,0.009577561
ck_5691cd6fdb6d8147,0.029507505
ck_a95f212a02433d23,0.0054103197
ck_f5adad75e1c06731,0.072998114
ck_e09c97520eb0533c,0.11795166
ck_a1e13c0d58560340,0.0067810463
ck_cacc2ca410cbe80b,0.002493074
ck_c0dde2a6ef1e08c5,0.009092845
ck_a04403073c90ce38,0.0008667157
ck_03d3026107175dae,0.0096657695
ck_50176dae5b1b716d,0.0019552407
ck_6c084bfcb38e96c3,0.071896836
ck_36d2be9012f7909e,0.00981218
ck_958acf84c6137a22,0.16423643
ck_114722e12db90a73,0.006545141
ck_203c2a22c0c165ac,0.0043239715
ck_2c44ca550e5cfa82,0.061050087
ck_df0a8f20ab8f14f4,0.017693112
ck_826a27ff7555192e,0.0018863254
ck_09a988ebcf062297,0.033554062
ck_5c82444b3b9160ae,0.0045882175
ck_f6a4a7ed27fe76fc,0.02916964
ck_17de46314b5c6a92,0.005072013
ck_335e63101b1e6c4c,0.033441205
ck_c5eefc0697451de9,0.053563647
ck_49a0efb5d4067b6f,0.35982183
ck_c1f4509c8f5dac5c,0.013500111
ck_57658eda1c59bc52,0.0017095087
ck_0d5c0736ec76385a,0.0035299603
ck_e0239e6ae30795a7,0.097265266
ck_e4459115cd8e5e4f,0.008445671
ck_bb4aec09d4968dda,0.08701031
ck_a1b4c96faed3e0db,0.033443794
ck_8247b79ac67aae7d,0.008568334
ck_fe2fc7d6e5d83f09,0.00052975287
ck_f6aea576cde8d592,0.00067003176
ck_b7e7f7d0cd886412,0.14267363
ck_ca7b993e8286af7f,0.003195299
ck_47de038381a9cd65,0.02436238
ck_d38f941d09eec820,0.05870565
ck_d9ba2a6c0d926b4d,0.003678537
ck_cda72f597330d0f3,0.0063749533
ck_16d2d27fadeeacf7,0.005726882
ck_be05447853d423a9,0.0009470229
ck_cd92852d7376a4a8,0.0069704726
ck_2faf7ecccc9fec58,0.00066543714
ck_db8733fd92f20cd7,0.029052578
ck_a9989a3a94c26634,0.005577251
ck_957fb25437c75e41,0.01377188
ck_e6a6caf6e7de17c2,0.0046093925
ck_f7bc569b37e8bdda,0.005752035
ck_703b375dd86a6124,0.011352029
ck_d3cfb3603f2c6ca3,0.04645597
ck_07cb2b6f2a4303e1,0.050659273
ck_31631e2028d4f855,0.0062973397
ck_1631bab0ba1256db,0.01726071
ck_5fdafeaec036f016,0.009864316
ck_6eda4c36aecad602,0.004828892
ck_bd1bf9e3e29de281,0.018856343
ck_bf378ea558a4125f,0.42672023
ck_7aa2deeda0e57412,0.99418277
ck_d229cf7f5a3f38ca,0.031279903
ck_9e109edd124492a5,0.008757649
ck_779491819995625d,0.16967615
ck_b89c6fa2ad0a12f5,0.004100985
ck_1d01b4a609918c4e,0.94469637
ck_714c5d7cb17bc9f2,0.0021401718
ck_269f1746f2609ed4,0.0009870798
ck_4be03a2aa62b93c7,0.0016112354
ck_cf920313f6dd28fa,0.016133728
ck_fb00aae4e17740c5,0.012798114
ck_085d8c42739e2b10,0.9831322
ck_c72a7d0d03cf3e17,0.09211103
ck_8f6ca5d3b17eac6e,0.0018586039
ck_d9573100bbff4014,0.27888077
ck_79d6793d1d0cf43c,0.0006827491
ck_91fa5032f7aff0f1,0.15008098
ck_87110d84872c0fed,0.039841622
ck_8220da627e9992a5,0.0026009998
ck_2ae44938847f3852,0.008679883
ck_b0f191e44f9b6f35,0.024563517
ck_3049d744b527f4d0,0.0017481036
ck_47d3e8d1dd3fbcef,0.0036400952
ck_ddf787359d2b5deb,0.0007291544
ck_b27a9e39726b26d9,0.005532855
ck_80c4e9274cf976b6,0.989604
ck_c6afa913168ce8fa,0.0059459116
ck_52427b3f8478db19,0.02246879
ck_3b810f15ca0eaa55,0.0063884296
ck_0c9e420f97baaa06,0.7308327
ck_f8540cf3a8b2f8c9,0.044003513
ck_1402d24dd623df72,0.005048987
ck_eb4f4267e24d042c,0.0037487582
ck_6f661b428d6fb8e4,0.024150187
ck_519a26ecf3d29c90,0.0113824345
ck_e886ba71d4a6fd73,0.06446451
ck_437f9ecd2016a1a8,0.02148432
ck_f01af1b0c977cc06,0.007399574
ck_614f777c2eb5d537,0.025490656
ck_b804e784cde9af8b,0.011882562
ck_c2dccbc1b24b137b,0.038571242
ck_1df4a1781a0f6999,0.012188821
ck_bd2cdd53fca26171,0.0077758115
ck_424c254249a109f0,0.020141046
ck_cf2ca4f286e289ba,0.045571413
ck_6c33cb15b0d8af54,0.00892331
ck_311d395fa9b8550a,0.0066861054
ck_9f792e7e721ff7f1,0.019435931
ck_4c37586080edb7fd,0.002031713
ck_7c4f42c5397113b0,0.13443103
ck_fc418f53ce4aa579,0.9611454
ck_1ba28fb7ef726ce2,0.0051809684
ck_d932f98bf6b83956,0.07170917
ck_248b3659a9239240,0.0059011527
ck_6a92cf5f4cf5de38,0.0046211057
ck_65519d0fb137e0c5,0.011475145
ck_ddc3fc99eaba2064,0.03316658
ck_7310cda3bc65a73f,0.0045243884
ck_c01c85bd631d4054,0.002480223
ck_b4954d16b9749829,0.017916784
ck_f301f6758e170d66,0.19599618
ck_9bf95f8c47e7c7b4,0.0010131206
ck_c91b7fccf6aeb4a5,0.061452452
ck_785fa45e86bc5e95,0.013893825
ck_2a65f1cc23f1180e,0.005803894
ck_a49a2c1f881a3560,0.0037818
ck_def344d68f06d749,0.001807001
ck_abbd1465fc730d78,0.016304666
ck_07a5610ed28162fb,0.008212505
ck_7ecdee2d7127be8b,0.0064294096
ck_67858bc00e81490d,0.0012847051
ck_b4ad165ace910222,0.002957561
ck_30753ffe481a1b8c,0.66487813
ck_c401a26725b17177,0.0040732627
ck_819988d8a7f26415,0.0032896867
ck_3364a1d9261b3638,0.012575259
ck_c484c5bda389bf20,0.0011117635
ck_ae416325fef92c9d,0.8350117
ck_5517b9a865960542,0.004154975
ck_a0e96fed380440b2,0.004023084
ck_e83409471d2b0b44,0.04497582
ck_127273af97d7827d,0.0005441497
ck_aaa9861c91bd14dd,0.018756932
ck_a378c58294001a36,0.85938245
ck_abb9d65ff1f95b64,0.013367507
ck_a5ecbefa849ae569,0.002005281
ck_aa9953c0ca2bed7b,0.00046970192
ck_40bc6de252865f32,0.0023766523
ck_9fb11688dcfe1513,0.02257676
ck_ba68841ca2ba073d,0.009819145
ck_1d3e561a7d20be0a,0.95688957
ck_99a92d710a29c1d0,0.0006368998
ck_ede2e887697ffac0,0.0044860267
ck_e6de67c0d82a7b83,0.008459127
ck_6b38763bf5ddbcef,0.0036897631
ck_8dd44eead7d765a5,0.026522396
ck_30bf5b0056eea9e9,0.26854494
ck_2981d16f8a51a8ed,0.05504299
ck_fc60f42c68c7024f,0.03027914
ck_8e2b2251ee224aa4,0.027893372
ck_1906f0dfaf6e9bad,0.69971097
ck_dcbe6814fc4ca0b4,0.1035242
ck_f7e958a286ae3b57,0.010107605
ck_713649668a7ca824,0.007648526
ck_6f73cdbf9305e2ea,0.006738514
ck_dd1c490050cd9051,0.017169168
ck_e30db36e376606f7,0.115039036
ck_740d8fe8028b5a2e,0.41900495
ck_ebbc9418cd41f692,0.0006221641
ck_7b3cc6cc3f250f39,0.03233497
ck_1d30eef7110809e5,0.2862442
ck_77e0589ab339ca66,0.018768214
ck_15ccbf8ff7d14086,0.0039760144
ck_246989b0c288664f,0.0304655
ck_fc2a6e27b10b10e9,0.012859262
ck_8afc1112c12f5402,0.0050107455
ck_a76e8d83b9141364,0.014716626
ck_51d3e8dd7465c015,0.0012328576
ck_e7b4016909405981,0.025436847
ck_e7a3cfb9bf908e80,0.033115353
ck_2bb49dc2388cdc1e,0.0072849696
ck_94f4266ee7871345,0.022190455
ck_b2c896beec146477,0.011564597
ck_fcf5d4a4748cdd53,0.01231551
ck_fd0483639811f62e,0.1010233
ck_9a21d183524734aa,0.018541865
ck_1df4b46c0a4c317d,0.04278727
ck_638df9e8a22dfe0b,0.017728865
ck_65acc43a6dc3e65d,0.0033605176
ck_7c67b73196e3d0d9,0.022192184
ck_b0ee3a98175b462d,0.009135456
ck_20fad010969f1abf,0.0040371493
ck_54b087bd873af8b8,0.00762939
ck_8007824431fa803b,0.004818978
ck_23aab322810b9fec,0.013585077
ck_c8001bdb9aafc8a6,0.005740073
ck_3a34c3ac83cf84b3,0.006779303
ck_60187ac2c473a662,0.9752964
ck_6a0ccd7357979f0f,0.07978033
ck_27f20337bef5ffe0,0.014275484
ck_f9fc468915afe49c,0.010344532
ck_1eabc15a94bd9009,0.011982983
ck_26896c494b2768ef,0.0038337163
ck_348c874eaf0354f4,0.1689418
ck_be9c46acd216b45d,0.026086155
ck_a3cce46d15cc20a2,0.060393237
ck_70804f60d9704128,0.051061824
ck_a019151ca8e7527a,0.011184147
ck_571133b2aa8ead51,0.0037616664
ck_0afa4449f20d5196,0.0033058159
ck_4d503c41cf4e5034,0.0123383785
ck_d6fb9cc5171e3e9b,0.4887844
ck_05ed92a7c3e10e5d,0.030897118
ck_bfb067986660afe3,0.012154119
ck_c1a31690c8573226,0.004989537
ck_cb88ef3dc1f42225,0.0036730205
ck_21e3b3bd998745e5,0.11181841
ck_cf52e46fa54e4540,0.0007157029
ck_b72c7ac4208052ab,0.016518258
ck_e6465c56b337e6c2,0.005197468
ck_5f87eb05d18186c0,0.001755241
ck_263f6c5ff26b5e98,0.009877426
ck_e0b7e2c0bbe228d9,0.0034445205
ck_b657ae3c146cb7bd,0.0023026394
ck_abac514d8167ea58,0.16226222
ck_024dcab126876002,0.014399928
ck_5d8481e2b38bd99d,0.018243983
ck_edf229c17d25dac1,0.079676054
ck_6cb7c97b72d6b5d3,0.008508599
ck_c96ae2c28086a059,0.013500492
ck_2f241b97c0f8389e,0.0027311693
ck_9158bdbb63ee8987,0.002431106
ck_e7b40b60786c1530,0.0021768224
ck_66d38518f68e6194,0.0017801328
ck_8c9b57ad2a991416,0.0042359983
ck_cc91bd7152d3e9ba,0.041466165
ck_0d846660c7957a88,0.011507715
ck_60896cdac2212bea,0.052705463
ck_dc4db8b932df49de,0.087831974
ck_2dc31db181150e20,0.0036605003
ck_2f138fce1171e277,0.008244234
ck_68b8b859a6ef505b,0.021381415
ck_c3fe0c6c5e1f40f6,0.006774267
ck_15886fe84866de92,0.018605608
ck_ea269b35406473e8,0.0039759823
ck_3ce7cad1f69b71d6,0.0029444627
ck_054ed4288ee58d6e,0.025575051
ck_3d4913a86f207fee,0.027707493
ck_23ff85f9d2355e8d,0.007369585
ck_d87ab3261322216a,0.0019741368
ck_fac046ce336fe39d,0.0022889127
ck_beb97e498e6cf8e8,0.014257848
ck_1f517e0ebf397b51,0.007113981
ck_0af57ebaa45877a1,0.0031645815
ck_f99bc1732ce5e999,0.030023111
ck_abb056a9deab275a,0.013341696
ck_0bfc394c5faa65cb,0.0013859707
ck_ddc865af1dd5670e,0.01828612
ck_68b5542459638b56,0.037476785
ck_0b1d84252c0b46c2,0.0008946292
ck_520ec32c4f253604,0.10556102
ck_79ffcfee599d77c7,0.008862045
ck_eb224c0fd146253f,0.049514726
ck_0e477084434da450,0.004632345
ck_07840bba5570785b,0.051519882
ck_6b67fe8e310ab865,0.005384246
ck_e2a1068c2fa22525,0.026503913
ck_b9c6b32f6bd92a3c,0.016617768
ck_c1e7d1021ae58f00,0.0020026318
ck_5d7801201749ffde,0.011855472
ck_c8806749e263f70b,0.0014210436
ck_c9eeab826781dc91,0.027235016
ck_309a432c160a17b3,0.0013273787
ck_b22e3337b8e3dbb2,0.0057044383
ck_79c30169c71b8033,0.9163002
ck_5a6593d954085775,0.0049582
ck_70b9b79ea1aacba8,0.019767184
ck_63743141ffa11f45,0.001906347
ck_dfd3dbd0d97a642b,0.0018249116
ck_635646a661f05b4a,0.008853827
ck_4b123d6931b6d0d7,0.60308063
ck_f2b0e7a47f442557,0.31035638
ck_1b1df006b81d38ba,0.0096501075
ck_360237c1bd30f4bd,0.001616643
ck_5e84bca0e362da20,0.0080632195
ck_142dba210ed2f3b5,0.009973927
ck_a3564236069e3524,0.01213604
ck_cf36d8b070ded782,0.009597883
ck_ddd6625c5eddad70,0.0013522363
ck_ad54292a0b2f44ef,0.0048541157
ck_45cd5ef6b359e9b4,0.0028364072
ck_982c2392238b7be3,0.11877582
ck_083e4ac78685c3bb,0.0055641197
ck_729cc0b46cc2e546,0.0555931
ck_f2b8995fe5402759,0.0009325338
ck_73e24f5a8da289b3,0.018125119
ck_bd85f30c36f5998d,0.034996342
ck_ee4ff3aeadf912c1,0.0019878773
ck_63d2978706e193d2,0.033291593
ck_6a0684436a1e66c3,0.55170166
ck_182dc4a2f5a366da,0.0063652233
ck_e6fecb82fc2a82de,0.010901716
ck_cfb06f07394dfe64,0.0016495576
ck_7bbe1dc8add17ef0,0.011107469
ck_5cacad76e02c8e3d,0.8587591
ck_ca68dec0c7df5a12,0.048325486
ck_e4c0fc52c82065d3,0.015604363
ck_f9197b070416f443,0.0113271065
ck_2a07c7021b71cf65,0.05479418
ck_4fa85cebf707de2c,0.00079487887
ck_0063d2a9507467e5,0.0038615072
ck_ec986285fff05b7d,0.023965163
ck_279d43303708109b,0.011304871
ck_a406bf11e48cf8c5,0.013078852
ck_064b2aa3f0bfdb6e,0.012464083
ck_95790440bc4bd2d0,0.008293864
ck_70066eea13b4c34f,0.0032939217
ck_19468fe07e26f992,0.8198159
ck_86bfe328e0a533b9,0.7604309
ck_ace3b96c977a7560,0.27537832
ck_642344e5c652d8df,0.008459655
ck_074be35c951ae10a,0.0048034005
ck_f14dce41036486a3,0.98190695
ck_5cf67a3a747e684d,0.05849774
ck_f7285b92648c1c81,0.0013652971
ck_bef3193f124fca5c,0.26086447
ck_05c4dcbb45de1f8d,0.0047083613
ck_d7c28eaa05bb7144,0.0036236027
ck_320df984791a1b99,0.0015563872
ck_f45bad1606fa00a7,0.0039480836
ck_6f81c199e986d9fc,0.005845572
ck_d0c9633fed57c344,0.010810884
ck_a3c25d6cc7478068,0.039871875
ck_4185506d12cf9fa0,0.0001823054
ck_7a02ee1bfba7353b,0.036996536
ck_1b52590757c0fbeb,0.0040980256
ck_a0e5656e1cf9cbf5,0.0012022102
ck_ace21f6daef94f6e,0.0017608192
ck_646d8d0834782d6a,0.35092425
ck_1f136a4476b5e775,0.0036495018
ck_325c7643cce02da3,0.17750238
ck_9b5e7fe28208f5d1,0.0021667383
ck_05d81b1a150f31c5,0.018233698
ck_0e9ec486bff403c5,0.0047805533
ck_ee13c091bc379188,0.0128818285
ck_f7a7f8f5903617c5,0.013354771
ck_96c3a3517153390e,0.009345639
ck_538dad7f096458ad,0.017787896
ck_8758fc6622bbb7df,0.014424461
ck_f7e53af3c91fec64,0.041070517
ck_80b50fad7f255e1d,0.018296635
ck_9645e7adc08631b5,0.047908545
ck_e007aedbf37d6ec7,0.042736962
ck_2951d76c41de2569,0.034243613
ck_9439bff87e616d4a,0.0124286655
ck_a73045e96af0e4fe,0.012236439
ck_7b382e533e2e925a,0.035007086
ck_730226c2d216cacc,0.009029312
ck_bdf837d761a7cec2,0.2234657
ck_0b34197335ba3341,0.0070626177
ck_49170c4b31a20f5c,0.0034974955
ck_cd553ba6589d8bfd,0.005726792
ck_56b992c6f136fa5e,0.013851632
ck_8beae3d7328fa41a,0.06261943
ck_1a065ea906ae3d6a,0.0028804645
ck_e9e3381d5e0e5051,0.012410418
ck_a6d4f998dadc90c2,0.015642593
ck_d36733da917115a6,0.05107332
ck_e738e920bbd74a7d,0.002575439
ck_af65eb885a51048d,0.0012027394
ck_73f4eb09af29b1c0,0.033876263
ck_8fc641b1750a2542,0.01718385
ck_41b954c7a948c060,0.0019191479
ck_25fc3010e8a0f6d7,0.013024633
ck_a2624e0387974e0e,0.18787791
ck_5cb9d7b2329d5ab6,0.048401356
ck_6c83aa1d100a7cd8,0.058835093
ck_67025c64588abd1e,0.0034906138
ck_f5dde68f6f0468e1,0.012349598
ck_46bfb2cfc29a6d2e,0.025696736
ck_49dddb894d33f6db,0.015311084
ck_f738b633b8862d18,0.00039103086
ck_3d6c3c00d854f5a4,0.061226152
ck_cdb8061d8d1a6c5f,0.007787445
ck_5e1b81848718bdc3,0.008714457
ck_8def763034187436,0.018724212
ck_8f8e4fb9c6190272,0.0011493794
ck_368b968b5f33431e,0.0048884596
ck_ba7e347251ea399b,0.0046466296
ck_9075432001a64e75,0.023819502
ck_73c5371635aca173,0.51568186
ck_81793387b38047cc,0.016287452
ck_0cf220816e320ac5,0.0023625102
ck_820219bb9c761b52,0.10236063
ck_70a932ab39d86a24,0.005118809
ck_2c4be237a7ed79c7,0.0014203272
ck_acc764b49ef02826,0.103996806
ck_74c3c3452e4e7cce,0.0015191011
ck_34dfb57e5bf31d2f,0.021158911
ck_6ec39903f765956d,0.024679078
ck_5986119e7d81e831,0.028845562
ck_2ddfc948b8eac752,0.1109487
ck_921ff5ceaf40a968,0.0551872
ck_fb3b68b4424b5f92,0.09247258
ck_c3db1b3ad4f16679,0.012657885
ck_124a197be41687f5,0.03672275
ck_c58d9151834f5bad,0.006693032
ck_389607982eb6b701,0.40750295
ck_fb0c138c003e933a,0.0009807368
ck_50d0bb7edd8c69c0,0.06122227
ck_c6cb651149dc9a8a,0.01213731
ck_81e21354e477eceb,0.026785474
ck_7696e38b3e4197b0,0.010929809
ck_586001d3ed9e7fbc,0.0013418281
ck_bba413492dc46f2a,0.0050063184
ck_95b894380ad2702a,0.038634676
ck_277621473369614f,0.9959408
ck_a50621b5eeca84b4,0.019181779
ck_bfa7ba218b988cde,0.007346459
ck_5ea89567dfe78e4b,0.040920936
ck_6c679602a6476ab2,0.022081157
ck_d3885e286b3b11d2,0.10355542
ck_cdcf6671b37c9c92,0.0038685217
ck_b5c93e6d34f8d366,0.016346077
ck_c24f61925dc158d5,0.13838561
ck_cd09375e6c81d2c4,0.017615642
ck_a95afc7a00303a26,0.011164552
ck_8e89ca8b39f3f8ad,0.007304289
ck_9a84b396aada3fa8,0.06906606
ck_5124a2e415384945,0.030209467
ck_d66bb1f063357f99,0.018140884
ck_0fd9312411b0ac55,0.017542375
ck_ad8cbe6e27e47ede,0.018547427
ck_8398adeaf41f9cae,0.0024113755
ck_dcf851e7bb5855d0,0.0014994957
ck_9affb0f26776b642,0.0062323427
ck_f0424b3b36bdbef0,0.13314262
ck_66746d1090d6d9e9,0.0056414376
ck_e5f8c8a5824db594,0.0060062204
ck_3e91dcc209431984,0.03874688
ck_126a82e8d42e5ce6,0.00688501
ck_38e4a74ab256e2eb,0.005498093
ck_1225a97fc413a419,0.02280769
ck_9b5ec0f78e160e65,0.0036881857
ck_7c5529bcc079600b,0.019796968
ck_29640fc2fe81c251,0.012167029
ck_160e9ba0a3f7c1fd,0.11195795
ck_bff090cb4ab76b9f,0.010261199
ck_aa06ed358e43db69,0.06726428
ck_7264486eb512d84a,0.0017813753
ck_f5a32e6160b28379,0.004133144
ck_4ba8bec14c2217e1,0.05048752
ck_610815786d729d2f,0.018303728
ck_e267999226b6321b,0.002714456
ck_f3996a3c8eea1ea0,0.0032218427
ck_e9b75ed7567a3f23,0.0617807
ck_d21612d48bb4f7b8,0.0035617915
ck_1f871df76c6a995b,0.030110586
ck_953bd5de48ccd70f,0.46583351
ck_02a9104419a6dbaf,0.019591963
ck_1eeeee651e05d535,0.11745429
ck_e2ab04136a442a98,0.02363717
ck_f0d806624ef3d359,0.006355197
ck_4b68b38c1b3326a3,0.048717782
ck_74e60495f8861156,0.014246793
ck_398f3f4cf05c721b,0.006547535
ck_f761b7650a0c1a85,0.020196946
ck_7dadef33f5e2d94f,0.96220666
ck_6ff6883633b8c7ba,0.007527683
ck_4d2159603045109e,0.003131802
ck_a38bd07a5fac5c9a,0.015425037
ck_f517f06551e69507,0.068276234
ck_a7ea00a1760ad561,0.99242425
ck_31fc51d5a3dfe16a,0.023697872
ck_bac5233623b25ca4,0.0076903794
ck_385188ab27784fe3,0.07166862
ck_9947a323bab5cacd,0.050925236
ck_7973edc9f22ee7b6,0.009005441
ck_f97c477986043755,0.0076567503
ck_1a3fd2cc4b4de196,0.0027336148
ck_e18ac29ea62cb435,0.015371828
ck_9720a472a3e0140c,0.0010200046
ck_668c7fc7d7e47c0e,0.013332333
ck_214af0806470ef48,0.004696125
ck_a46c1773f01f0be7,0.3882403
ck_f2bdcfb4203ffdee,0.06249135
ck_40e84e6ffe788a4c,0.012825312
ck_dfc6f5712d8d6678,0.16057675
ck_01ef1036b2e66a4b,0.004246242
ck_3acfec10eec32f9c,0.012533744
ck_084a85145c15ed77,0.048187837
ck_fcdb4fe2f095fba1,0.044003513
ck_023908db0a193076,0.08524406
ck_fec0ff92fd622253,0.002338383
ck_c009c97d5fafbced,0.13123544
ck_eb9f0c06ee017ee5,0.0090597365
ck_d7792b429620fc24,0.0053626145
ck_5e9e149a3b69c726,0.023419801
ck_ce927322ef8f651c,0.012681191
ck_b8fd61a8e82bce32,0.98325217
ck_9aafc33fba1474cb,0.0015717316
ck_ce81ff9b8b35562f,0.0057678926
ck_25bfca1d8eaa152d,0.0046744603
ck_170c65860e2a7e23,0.010348477
ck_952da7ca9f33decb,0.0050315377
ck_1ebd574406235957,0.0022697344
ck_589109a188adc2c1,0.00047811904
ck_f0cbd5383bb07778,0.031068023
ck_242521e261148fba,0.0029171726
ck_509cece86a558de4,0.017745614
ck_0dd7c5925d28755c,0.023407314
ck_a7e669cf1c3985aa,0.04080375
ck_acb84dc2351eeb76,0.004728867
ck_b837c7dac2a9b931,0.020088203
ck_18eb1f9181f95df4,0.00084119465
ck_b0b9047dddb1ec84,0.14700532
ck_43aa136bdb0a2832,0.48717088
ck_3e47f8c56c811700,0.01731123
ck_77c587d24695ea15,0.01686319
ck_20578ac693ea4e93,0.015764905
ck_b9f6040eebd1605f,0.021357398
ck_ca9d86f65cfdf018,0.0040914877
ck_a4fa8833995c716a,0.023178346
ck_f589f1e29301b5fd,0.008148522
ck_961ddb8ff55d868e,0.002948441
ck_5662492a54e6688b,0.09647002
ck_ad48826c1c26eb78,0.53364325
ck_621c9ddde6bf2eca,0.005981328
ck_417a3500b2c717b3,0.006901478
ck_c7e129058beb3ac1,0.067257054
ck_ec1c902b9b9b9c5f,0.108871855
ck_317360ec0a67d27e,0.038981136
ck_3e3ea5d8c4a229dc,0.0098617645
ck_d11d27de7bf0b973,0.15778452
ck_d37d56e931105db0,0.0042550517
ck_4863077723cd6ce1,0.004195947
ck_479a065d5903e9c3,0.004520509
ck_e66ae4fd586fedea,0.012206488
ck_192bbfd0d5720134,0.03202312
ck_3b436cb29af99f3d,0.004183817
ck_7c7ca54969eed187,0.03613766
ck_826ee896c9f1144d,0.24728052
ck_ba1f6dd43fc8a0b1,0.005388957
ck_49685deb63e4e8f8,0.0065897717
ck_687ab5d5554bfa79,0.020056993
ck_41346ccd9242cc8f,0.0014310047
ck_8f8e5e2b9dfec3d1,0.022008352
ck_94d5ce61a0c50465,0.0031831507
ck_6b954c75aad8c012,0.0044126743
ck_748af92828c9d288,0.0040483484
ck_dddd14091ce812c2,0.007604027
ck_723323f6870fab59,0.023023192
ck_dbdf8d0708cc6718,0.004373165
ck_f04938570a154de3,0.0022555455
ck_58afa1550b3b5294,0.0019272381
ck_3b150afde386ecff,0.0055683325
ck_666b95e75d99ec4e,0.8254739
ck_e00332597cf1eb24,0.03454198
ck_9a9e3dac79280d7f,0.18505931
ck_e8d37262e859d9a1,0.020335644
ck_895bb39d24bc1c4c,0.0028695657
ck_b367449195e36499,0.0146376975
ck_d23f9a50d1135ce1,0.06676782
ck_670dc4910cf476c2,0.01615692
ck_3ecd8a5ce65e21ca,0.0013056993
ck_8584fea2df4c6317,0.03694293
ck_0789ff4562202b20,0.023057396
ck_749e0e50c3907be8,0.0065274574
ck_c3ff6790cc6d7e34,0.038704548
ck_75fb7e56432ee4b2,0.0053059347
ck_529fc3170fd11abd,0.014595596
ck_34a69b3b4a681796,0.05509148
ck_255f0e5888ae9e23,0.031956207
ck_65be698386474170,0.0042458773
ck_5eec9ed855c26000,0.0031534038
ck_5ab39bdc9610f6f3,0.4212255
ck_1b5b75762f033462,0.008926596
ck_d3e208671cf37f91,0.976842
ck_5068ee554ceff971,0.07466094
ck_d7d50fb57fcb2d0e,0.003645256
ck_ba6e1115fceaa067,0.0091615245
ck_d07bfb16a4a7dac0,0.8821251
ck_ead68310311690c8,0.82712716
ck_ee53ce862bc9c111,0.05720354
ck_97e56e6037024dff,0.00091341755
ck_80b04344c98ec072,0.0014586826
ck_5954f45a2ab45f43,0.023059553
ck_18ddf7e836256e3b,0.008734425
ck_89a1a780144d808b,0.031267907
ck_a7331e8b808c39aa,0.043383952
ck_a1fd0ad03ff9b776,0.024819082
ck_c0cf50eef030b401,0.0012947527
ck_074f20921189e7d6,0.0041975374
ck_e2aa7be60794593d,0.040518414
ck_72771757dfb7f7a8,0.007536049
ck_a9cd84a6dddfe584,0.008130652
ck_142c00f9f8557504,0.03410403
ck_221b5d40358230f4,0.0056031803
ck_a2d7a563f520b7ea,0.00381915
ck_66cd34bc568d95e0,0.013621727
ck_a17128972d3e507d,0.011675527
ck_bda299466bb2136e,0.013319244
ck_2b699066665abe8a,0.021668475
ck_0ac9848bd4ba0c14,0.006748559
ck_98d2f9a6ba3a3077,0.5906961
ck_a872df31b28a5f7f,0.19775099
ck_7e73e1d44ce82ed9,0.002632161
ck_1a415416f620d49d,0.02253964
ck_c95c786d2f8b8edc,0.0012451919
ck_e45012f22b7f91d5,0.01715749
ck_aa0b083e2a6813eb,0.017441342
ck_4666232ddbf77756,0.0192657
ck_e08e9c8ec5f23d8b,0.016981145
ck_31d4c0518e5f52c6,0.048167247
ck_c1ab40638f04cb02,0.0043584346
ck_4c1fdd1669c7cf51,0.004838742
ck_11662cc7940ffc82,0.101088196
ck_2e679af24adedac8,0.021604812
ck_454b9e21b7f25a4c,0.0021964556
ck_355c4f29089731e8,0.91044825
ck_507e40760a24d2d5,0.0075545167
ck_0943e0f305078e34,0.96166396
ck_abc54ed7111e9ed1,0.0028308453
ck_a60fe02fc04407a9,0.0565717
ck_244b897bb4d57c1f,0.028233517
ck_8c84fcde93a04334,0.04549983
ck_9eea37d2de633b27,0.006724951
ck_b2cb9e6610eca967,0.0052358033
ck_09aadb4c41b166f1,0.12896939
ck_8d94fbb4828ef326,0.0030110606
ck_089e3a07abbe3b8f,0.0029014756
ck_dfee9de05e3971cf,0.013416473
ck_6abf8302ce052451,0.026849091
ck_6ffa90143838a4a2,0.0025001396
ck_325caeab5c7a9c3a,0.0046364074
ck_1964ee9db929a173,0.8414404
ck_942b95988a6245a6,0.17192358
ck_913ecdeeb8e21a9c,0.005139565
ck_ecf9794349eb4b3b,0.04573376
ck_b6cb8d6ae828eed1,0.047126427
ck_2f82ea66c4f53b33,0.11505392
ck_6e676daa4855b58f,0.05951993
ck_2a37fef48b44e9c8,0.01759767
ck_3bd12d468fdc2450,0.004785719
ck_1a28b6a40a6bd3b4,0.057636384
ck_61b79dec96d15713,0.00096264214
ck_31d5e3daced93d3c,0.013064586
ck_e6c8611c0cf233d7,0.0044258474
ck_f04761b4a937ac3b,0.007925965
ck_38c1c75cf055031b,0.03839453
ck_59a561f3df01441a,0.009747705
ck_04e40f556a5062ef,0.016023718
ck_8409716d174635b6,0.011647405
ck_3019afee83342701,0.032754645
ck_b51a58e7f032c9a8,0.0417572
ck_5043e474f848346d,0.014513206
ck_4388abce33ecd01b,0.38400212
ck_c93def7392f0aff5,0.102760255
ck_72e7b1acc19df820,0.010629228
ck_f253130dc3ca5b3c,0.001389313
ck_eb264d1b180d4b4c,0.5942755
ck_c2504f5a113433ee,0.001343337
ck_c16ab1e4dafb4910,0.08701478
ck_4bc42878fa180991,0.025397731
ck_1c771a7c78f6622c,0.043473013
ck_d523f0e50a2747ad,0.00071615726
ck_9060f4e7ab7a1b0c,0.022108769
ck_6b55ec4e87a5e22c,0.037913423
ck_55fc62a5f89a7251,0.0071433913
ck_bd2545c62f258231,0.12203864
ck_1ccdc69d0bb712b4,0.02655948
ck_710f867a3bd5898c,0.004772531
ck_f91d48c40337d375,0.043003358
ck_f76d929541ed41dd,0.028008092
ck_e26a6659c237b650,0.022242362
ck_184983177b73dea5,0.011567053
ck_6d0d081bfa8a0022,0.030413378
ck_2f6e64f638da0f97,0.003436771
ck_15b93103ccd38609,0.008199027
ck_094d10439b7b4eac,0.009573518
ck_d2ca47180a926ba2,0.0023852559
ck_a69ca7b9d70972bb,0.002038017
ck_68914e67343a7d32,0.008607377
ck_8176616132458c0f,0.0005268257
ck_eee99af3598311b8,0.048892215
ck_94410eedfca91304,0.03374309
ck_cfb11a0a2325bff5,0.000774672
ck_75217ee144b715f8,0.053039916
ck_d56fc799542299b8,0.0057009724
ck_4c352dd3e7c81269,0.11833966
ck_e23e50e02cb3904d,0.15142743
ck_b921af37d500e139,0.009493302
ck_82181b935360dcbc,0.9636616
ck_22a7cf3b99c5e5fd,0.0400215
ck_f67ee7910d532216,0.028352702
ck_5f48762a14a0326f,0.0057192515
ck_1757fcb0e6e3f88e,0.108056486
ck_2c2f080ba185016e,0.065823026
ck_4c25570eb72711b8,0.0112377405
ck_a3be871ca22ac416,0.060066056
ck_ab70961e7c6695b2,0.010228037
ck_a1cdebfc42a52448,0.004510002
ck_f1b80b821a20186d,0.032576412
ck_ae668e4564cd2aa1,0.006023171
ck_0e2bc3a5afa439d8,0.008157444
ck_3dc378f37d0b74b8,0.016300956
ck_9f9555197480d1cd,0.014183897
ck_bf4e7d48770a4a8b,0.06052071
ck_614ef655f0685060,0.00990127
ck_04d2ea38ee27770f,0.002264973
ck_e03a9d8ac94161d5,0.00104021
ck_d4007b5b26d9d854,0.0019935993
ck_2dd147ce6d61749f,0.0091696875
ck_ff45764ea7d6619f,0.02198599
ck_dbc487cb0a6c18da,0.80734044
ck_791d5392bbd80447,0.020084247
ck_b4068439c413b150,0.0048408452
ck_85df7b7de9700aba,0.002288844
ck_001e42551cd06e40,0.00065052905
ck_a6c02ae50932cd9d,0.0036592626
ck_9fd0be2c018ff5e4,0.017745307
ck_32a495128395fde5,0.03354096
ck_b6f2a2fd232c141b,0.032638807
ck_28dde633692904b0,0.16186804
ck_a1a93c5f375f6021,0.0056333574
ck_e3982142336782df,0.02230503
ck_a9812ff3c111ea94,0.012101246
ck_f04062216f95fa00,0.0048279893
ck_7c560467daca735f,0.0012129309
ck_76ee10d6e2dba70f,0.11773268
ck_3521243bdac61178,0.0036359662
ck_28588fb03b320520,0.21829507
ck_580dcec33ec232b8,0.11306496
ck_7109923fd7dab20a,0.12305309
ck_7c872c99481c1e9e,0.016603459
ck_46f4e1f5026f4d1b,0.0009291166
ck_00d1ebc31ec4653c,0.026587337
ck_aac70764dde15168,0.0020476019
ck_648c03f9aa4e45f1,0.05059066
ck_5478eb69ef912785,0.032399103
ck_79b8523137bb2603,0.18936205
ck_795c49f312640019,0.00044736578
ck_89184bf7b7fe41cd,0.52941924
ck_97d4bd922996fa10,0.011604213
ck_1cef30d08f3a598d,0.0059282472
ck_2f9fd36a4a40a6a8,0.0050699683
ck_40780fc0f8d6f309,0.018889526
ck_9083ca9fec2a7f4c,0.013930502
ck_62081bc35aa59931,0.004218271
ck_2e1b46c5fc56b863,0.053704303
ck_3d139692c51b604a,0.41661972
ck_b5e54e22e3d6960a,0.017258525
ck_c0c4be3f44311b04,0.0010601439
ck_82a8bdd2692c2a5e,0.009060768
ck_bdd2da300b530c5a,0.00096540217
ck_ee40498cd97183d3,0.0008746743
ck_70b9274473bd6dfe,0.0011065655
ck_473d6314ea614b29,0.0014365113
ck_7443d6dca8cd1352,0.0066470797
ck_3b49768b448b071e,0.014647363
ck_b43f04431c267dea,0.007995941
ck_4424a5223ba2fe00,0.061674926
ck_819bf3e8231f4081,0.03111009
ck_91d417507a8c58cb,0.1255788
ck_e88e86b19cada4aa,0.018482417
ck_59684167f9c6bf4c,0.0867915
ck_d5f5b0dc97b9dc27,0.022602502
ck_13d1b192bbff8f32,0.0058641816
ck_b21d8630387cabce,0.0008726315
ck_e4ac22046699b99f,0.0038839988
ck_74b848064f2ff45d,0.0026532677
ck_166aa980cc87fa77,0.014953061
ck_98e337806104dd88,0.009993345
ck_66eb09be007f0755,0.010986434
ck_3ec9b9d8dd7be11c,0.010347467
ck_8b8b9de339d75d0b,0.020548746
ck_6715139e240007d9,0.0021321713
ck_a0255ab46e122d2f,0.0017293856
ck_66e81a4190c33510,0.0041124695
ck_5d75ea4f5c9080bc,0.10547921
ck_df69858b8a8b3165,0.022348454
ck_e15252ebd7553422,0.006863817
ck_34d6d74bb3ed11e5,0.0010652473
ck_c2608f78f6851d10,0.010023015
ck_bb99071e8f58c8a4,0.02597383
ck_06010f0df5b7cef8,0.0020936502
ck_8c582eb0f6c0148c,0.0017212788
ck_0034d010d28aea78,0.030730773
ck_01c1f06692566ca1,0.0037022564
ck_4807726e797fb893,0.00815375
ck_edc9668282e3c8cb,0.04260905
ck_5486768475af7bb5,0.89720863
ck_3fb9813849e51837,0.0034450968
ck_861af5a9a9a6d619,0.0076781344
ck_da39653add0f1109,0.0011180147
ck_74a4244eb1f162e4,0.000982115
ck_9a930faade55b8ea,0.0070542726
ck_fb6e06ca88519dcd,0.0014061728
ck_9776cd8263a9f415,0.19187237
ck_b3dd1198ac5aea73,0.00834004
ck_b6675a04df1a4276,0.008051774
ck_5c7ad6e731b69333,0.48194903
ck_28dc0fdbaec00580,0.04219326
ck_8e7a32f7e3905f4e,0.02601074
ck_8563fed6674afc77,0.00960546
ck_9a2fcccb82da663e,0.006388984
ck_6a519bdac0d94527,0.006096837
ck_a0dab7aa9c4a39a9,0.05251553
ck_a3ce05e9e5e32142,0.00927712
ck_7a7e40ee3f97c035,0.041448545
ck_9e9a830785112a73,0.02406672
ck_ab1bb02f6b189304,0.11057885
ck_7b8cb0f90fbdc8c6,0.013967821
ck_b138fc249e659e60,0.010221141
ck_e73caa3771ec5e0f,0.004424959
ck_18a55b06ccccd88b,0.038000092
ck_fdcb1d9265d8fec1,0.02317092
ck_e21a900556b382ad,0.039833058
ck_c6bf67470f526771,0.07867917
ck_b568ba3837afb39a,0.00093487755
ck_a2858979dd5645ef,0.002357281
ck_1da9d40837ebaa57,0.05743327
ck_9341c7959543c542,0.0011694663
ck_c8ad86806b9a2369,0.036601443
ck_5c85d93ecfed4b0e,0.020296287
ck_f07b09879d697b82,0.0014234362
ck_fe43da07608b1749,0.0145054
ck_4bca22b5926b9c28,0.0030391973
ck_aba573aa942b1d41,0.002716928
ck_57c14e32fa4683bf,0.00094722863
ck_891530b489ce402b,0.010542558
ck_5e74fdadb93ff293,0.049106255
ck_14436a409ebcc90f,0.03211242
ck_00013fdfa0bd37dd,0.013258995
ck_7dbe24ba01316775,0.027409818
ck_0e3f80c1553c591b,0.0143038
ck_3edc45db58760d76,0.0020806023
ck_29076a13f539187a,0.18599577
ck_b1e81b58b9a545ce,0.058531955
ck_3f8571d4f7420b2a,0.070738524
ck_7dff6abe4bd644dd,0.62020975
ck_2884bab237af16b7,0.008600272
ck_231e6dd1fe708000,0.0125865135
ck_33ecaa7b892e73df,0.005033789
ck_b109ec4c63503030,0.002987883
ck_a7f522382509cef1,0.013118079
ck_748b3ea941d8b3b9,0.12981032
ck_29f3a1737a2d9634,0.020607267
ck_cee8d42475a0f020,0.02834473
ck_c6b6ebe145a8ffab,0.004151368
ck_21c99e1d6b881894,0.0011150462
ck_5ad798286384484e,0.03321703
ck_b621b6ffcc7f4848,0.007760066
ck_ea819e337233475c,0.0549117
ck_9e3896c2668ce06b,0.026023047
ck_501dcf1ead036d2b,0.010054129
ck_8d5eda29a2cffa3c,0.0112872915
ck_4d3aa36ff83f1132,0.7289176
ck_8e9faf94e3e6c757,0.0013977041
ck_ce0ec41f96951048,0.010290331
ck_f09165d73ee903b1,0.007968528
ck_a432b1bf1d3b3d5e,0.41663355
ck_ea618f720ff0b4b0,0.015660025
ck_7584e7bd755cb28a,0.01898847
ck_e14681aad43e1a72,0.04602398
ck_5e18870d8e30e379,0.011989872
ck_ff7c26a62bda8089,0.0026033933
ck_cc5a35175d381d5a,0.006180211
ck_3c25029e40aa8a84,0.0015155663
ck_771247b5bc16c12a,0.0025926027
ck_664b5e02759f985a,0.0029983532
ck_692a9e8f504b9762,0.003973147
ck_df8ad2deb0a4ffed,0.020740556
ck_eb48c0bcd12ea654,0.0893731
ck_7c77e597c951cdad,0.005562503
ck_4f75144c6f3b13ad,0.009644563
ck_1bcff399166d7c43,0.0040410203
ck_975c2aa3d4a8c51a,0.008348555
ck_bc6f07b06aaa4ce3,0.09217528
ck_80b072b7f3c7e8e5,0.004043737
ck_471e4018a23b4e56,0.008513758
ck_53cddfba570b4a3b,0.0027304995
ck_630530e50764f229,0.0015370146
ck_dcef7887a4f1e435,0.027657911
ck_2795921a055643f6,0.005185377
ck_7456df89f3792235,0.00557347
ck_5014a3b07e1f049f,0.29322547
ck_d4ec44760cbe03f4,0.007101406
ck_96810ad39d4cb7b0,0.022750588
ck_3222ea25aa29bfa6,0.0009312397
ck_f6c42001b84a10cb,0.2317148
ck_5ac86682385c86b8,0.008730536
ck_4280c33af57eb4f4,0.0014676172
ck_05f79ddd8eefaa56,0.023866458
ck_3a57a13ce032a6fe,0.0035831206
ck_a721f0d635fad68a,0.007902796
ck_a3f821bdf408c326,0.006921695
ck_0ada63008be5685a,0.16015829
ck_8c949bdc6e8720fa,0.054938752
ck_c0d2c56f9c722e99,0.96757287
ck_5d2b9e6e087b8dfc,0.99826294
ck_5217b55593a332ca,0.028906241
ck_7a7bb9be5a7e48ad,0.008564929
ck_24cd0d779e866287,0.00093734945
ck_7367917891a63771,0.020070748
ck_4b31a8862a857e6e,0.45803177
ck_81429c4910ca46cd,0.0007616404
ck_b35d803568f82d9a,0.009014728
ck_4b00e75c2d2d0522,0.0025994726
ck_77fced07f6dff42b,0.01635254
ck_3c9a06eb07c300e4,0.0018402517
ck_b3867f7f494db64c,0.0055076545
ck_0c45e54897ab34e2,0.023260312
ck_507a6a580ab55c76,0.0058688675
ck_291bffc7809f896a,0.010347124
ck_3753cc5b9d02e2fd,0.001559541
ck_4f63d5245b3ac1dd,0.006293596
ck_9dfb2ae78659240a,0.007335174
ck_90f6f5ced708aa75,0.0013007282
ck_8b5b5a6b5539e39b,0.4128849
ck_4719112b55d20161,0.0063660224
ck_fec888a7108ca52d,0.9416901
ck_4f5d022c99f118b7,0.07309219
ck_e967ff05514b697b,0.030236125
ck_839ce35819bfa4fc,0.0064575067
ck_bdee1221b9addff8,0.008534912
ck_9cde4036d0914427,0.013044933
ck_5ac959cbcc5e98f3,0.021745954
ck_619842688294dabc,0.011079519
ck_7373d7b04c7799bd,0.03067471
ck_c1dd3feb9a0b6471,0.0058324467
ck_0324a4812ec319c6,0.009151929
ck_7f3685aa2933b251,0.025404701
ck_06aee5a62a67a84c,0.07548439
ck_3428910b44b9d08f,0.043450505
ck_c3ba7534cefc1de8,0.003241514
ck_1f1273a67cbad5e5,0.78651553
ck_124565a11b2f8bb8,0.008383869
ck_38e46bc861e0165b,0.01712244
ck_c8ad3f01319c065e,0.044003513
ck_3f94a34f5038f7c1,0.7987102
ck_cee56be5a502fbd1,0.12430019
ck_2b90b76cf4d162f9,0.022348454
ck_884b2e463ff1d54f,0.010320897
ck_fab4f2f8531b4827,0.013248337
ck_4fc6256e0e60a926,0.013849397
ck_0a2f8b2f8a5b6f02,0.0015356578
ck_9c0deab8a8367c5e,0.00017415515
ck_d3a2a4c011fa2554,0.009207909
ck_4108b4038f762817,0.04617537
ck_4df036e2aa7e1056,0.056150615
ck_ec094eb1cbb3efc5,0.0025883436
ck_09f8f51bfd2492c6,0.004178804
ck_b60fb9a10d6f4489,0.020711923
ck_3638bc3388dbc1bc,0.11118394
ck_7a58e0cc9943c39a,0.015140353
ck_37dab6a0a536ed49,0.026228141
ck_adc576690df5b33b,0.010916616
ck_1383b2b1875000f2,0.00891917
ck_43c1248db37a2eb0,0.0010372028
ck_29c11bd68858e923,0.0011080471
ck_9401f9e11f65337d,0.014112386
ck_ce5ed372b1a2ed6b,0.04065991
ck_08b4619490e751a8,0.66448575
ck_44b9125526acb05d,0.025174312
ck_ef1a1de20d2124cb,0.01660104
ck_e5e2624b7fc89774,0.047484986
ck_f5100511609b92c0,0.003726013
ck_64f3bb17101b7c42,0.0028081334
ck_ea1e5b5128ecba2c,0.0040869243
ck_516163fcf04d5e77,0.015207984
ck_7f9a748110d70005,0.0032326612
ck_d263b55f0a681cce,0.0698829
ck_0e962eacf98a813e,0.0031410812
ck_0406931800e0e2e6,0.0035140256
ck_0e9b982afc88a3a9,0.9955792
ck_8bbb625384edebd7,0.0027799783
ck_5eaeb87bf6207406,0.79563504
ck_cc3318839c4b0745,0.0018296213
ck_08a0355d1f1890ef,0.006061026
ck_af7ffd1a822460d3,0.23379488
ck_2a09c7aa870edb6b,0.021945987
ck_bc04f51c23290bcc,0.011267677
ck_d3a8333cb389f4c6,0.005836872
ck_88e3dd3039508332,0.061894216
ck_b8c7771de9b57705,0.011614603
ck_585ababa02383b50,0.008111565
ck_e988c108754cee9c,0.009702451
ck_4a691892d9d6cf89,0.010997294
ck_7cdce37d895eefb8,0.009211976
ck_483fb981a1fb4317,0.0011061766
ck_c1e5182bd99e0e35,0.31413266
ck_9a1e3ec9a1839939,0.008949353
ck_5c3f13de0dbd5086,0.020494081
ck_f4f6f0caaab70040,0.04499858
ck_791be3378dd7d64c,0.0066211047
ck_956dd784525f5886,0.013125915
ck_098167eaf124c279,0.025255293
ck_33ecff7914349ebc,0.010508827
ck_e05d44e46c7174e6,0.007828053
ck_1b2ce474fa6582b4,0.024709258
ck_ab581082e8f72e3d,0.004578282
ck_e63256667aa19070,0.00410862
ck_f568772b6cb3febe,0.04081787
ck_dd89a282375bbab6,0.091083184
ck_a39d0bca345b492d,0.0013555276
ck_d12d2924d0f7a64a,0.012867635
ck_6a548da1728b5823,0.9943348
ck_6d64193681d2a94f,0.009763667
ck_ced6b6dcdc7c201a,0.001829488
ck_d1b0699d26282871,0.056119636
ck_58f757e40a9b8877,0.010417306
ck_3272c2c4a37d5220,0.24564132
ck_d94dfde9e03c9d1a,0.020925084
ck_08a6d4903a7fbaca,0.0067717396
ck_6c72a36b05fa0f4c,0.012575821
ck_dbb4bd4eda97255d,0.004065822
ck_94b59bbc824b307a,0.0019282933
ck_0229a07185f15469,0.012176903
ck_11bf1039f8b3025b,0.004882924
ck_36789ca11459131e,0.014443873
ck_8572c5f5c1447c62,0.014780109
ck_9e75c6641939f4fc,0.067081936
ck_b45e47c39d4dc7bf,0.0132414
ck_02903c48b6cfd65d,0.009101558
ck_b153386f1729de81,0.004956033
ck_36979996f33498f7,0.36240816
ck_3c02d4dbbf6716b6,0.023592796
ck_66c9a19963957531,0.04396364
ck_bae8dae7cfd8baba,0.0027015426
ck_bba0ccc6cd968680,0.009980503
ck_3267fe3aac05c71e,0.013766745
ck_40052cac10562cde,0.04157141
ck_d973444855403e2a,0.0013331071
ck_012519bb095ad36b,0.99112976
ck_ad7c256ea10c4a00,0.037375312
ck_70a60e095e9b706f,0.0007426402
ck_f2734417c0db4ee3,0.0007870991
ck_9cb89cc3178e0172,0.0040681805
ck_779cc0f2de4d5488,0.20652275
ck_35f8656bf93e3b3d,0.018228613
ck_bdd8eba728800e29,0.062523246
ck_002cf760d173f0f8,0.0054981974
ck_b046067c6ca3831e,0.004048845
ck_a4a42d4bff8af645,0.0023883828
ck_bce253d2396681a1,0.002298907
ck_00dafc060c8de32a,0.010012932
ck_968a99e097ee78c9,0.043282673
ck_66949171b387bb93,0.00432139
ck_ad305286702b1958,0.0024388444
ck_4732da7e0d2dfc7c,0.007321112
ck_17a95bba77217d85,0.044003513
ck_3e2516a3e35067e0,0.0032821498
ck_0b615ed566da1f58,0.0409686
ck_d2b3ce1ebabe9f93,0.015145857
ck_a892252e4e0c2828,0.0025393362
ck_cf606fd6ebfdf9bc,0.1598313
ck_718865237134ebe8,0.0066022193
ck_878522cb775b904c,0.17644362
ck_9ed53de6ef779ae0,0.0055625527
ck_3f16e2cd7e6874cc,0.0040377686
ck_3c59df37895ead2d,0.001090311
ck_6821459b626d492c,0.0014725366
ck_11c7667920541587,0.0023569693
ck_23a016cf6b98d89c,0.044003513
ck_7137eeb394d200f1,0.05367529
ck_9c4886c5c90ddbdc,0.022864867
ck_1422a7bf7756294d,0.9267352
ck_7ebc5fa7f0d3b8f2,0.01258435
ck_fcc2059a8d5c41fa,0.20090242
ck_00ff7389d6a83e29,0.5390116
ck_03129b41457795d2,0.0057405573
ck_38ba64efa7c38250,0.039947227
ck_57a6b56b09bff24e,0.005070726
ck_e3b3c5a80a567418,0.004612297
ck_fc40a16adfced018,0.0038590205
ck_9d4b5e6b43bad4d8,0.023726307
ck_61129937ee466b49,0.020280102
ck_74112e47b8629c2a,0.14472874
ck_b4703ee97f94d7fb,0.0010605358
ck_e560f720a988d8a2,0.25571495
ck_708fea345f68037e,0.0011307822
ck_25394c1b83e0b803,0.012487759
ck_17ab24fe914ae44b,0.0005114565
ck_16c501470d9bb006,0.00267188
ck_628f449e248c19b7,0.034436546
ck_6d64190623dea714,0.0019050873
ck_504a45ee08db72b6,0.005084273
ck_6cbb011e0c70bc7c,0.0017428128
ck_b3225a98acd04f83,0.0014204137
ck_aa37993f1c17cd1e,0.014915743
ck_558cfe5f77a55a9d,0.0014318342
ck_0d0a1a021efea5b6,0.020335644
ck_daf7aea023b7a8f6,0.0053863274
ck_d75f25184ece2b51,0.0052651386
ck_466d4b5366c50b98,0.030037304
ck_88f27ab479063852,0.14313431
ck_66779098e78c1760,0.0032957038
ck_b150fe4efb449b05,0.010703311
ck_9c3aa9f23d01fa1c,0.007039069
ck_6a01c375fc26705a,0.001154075
ck_002eb6552b504ea1,0.011778287
ck_affa5aa0bff9bb0c,0.007668788
ck_027614eeba8b1a4b,0.0039003172
ck_67e075c982add719,0.0030068965
ck_399b0d510be98bd2,0.0049721366
ck_e9b0bca7368555ef,0.0023648737
ck_59c29d9c57b4f994,0.012935132
ck_37176850ed68831e,0.0014379203
ck_a0db4ccca08030c3,0.8530098
ck_aa188e5c25f7f42a,0.016295988
ck_7de6997178207800,0.0023069826
ck_c729d19053387be9,0.031587232
ck_f2d3e3d90608596d,0.28917632
ck_2db3fb565e0211ee,0.008813658
ck_bed8a480e27e911e,0.01209046
ck_d7ad9921a4d25926,0.037573144
ck_2a59f23fc5194699,0.06847376
ck_63601a58a6120d8a,0.01876778
ck_efd7b9e22c6317d6,0.006964257
ck_9ab42875a0f95b43,0.025682736
ck_85cb5033fca7c846,0.012717265
ck_5249b223000915ec,0.052789446
ck_3efb0e9bf25612c7,0.0050727734
ck_678e74532ac19700,0.006349118
ck_a980b296c95153f9,0.023419797
ck_01ac687ce0d696a7,0.0085662035
ck_52e1418cf1aa9871,0.0017356011
ck_7d28da4f1dab09ee,0.0113444
ck_010d0c2e6c1657fd,0.09994495
ck_b524f7a2e752b9d0,0.0017783797
ck_cc447fcc24a0772b,0.07985209
ck_2cb3c99845e572da,0.0050120866
ck_604c710141327a81,0.00048604593
ck_8d5fa65717d2e0c6,0.0037332806
ck_31199510b40602a1,0.002784013
ck_49e253ea12f4e922,0.0062954095
ck_780738e0d71e7e43,0.036642853
ck_2cd21137a07fdd7d,0.0014199236
ck_5e021f2a3b66e256,0.040034596
ck_efbc79246e32c66a,0.02172931
ck_9951bd806c13c7fd,0.024196101
ck_7a52674e2806d8f5,0.013979194
ck_1a319e509f1efa1a,0.0011767582
ck_c920901b9a4ba993,0.86227584
ck_b71279e807d0b3a7,0.005825033
ck_47e1032f490bb018,0.021831173
ck_192579ecdca7ff83,0.011178026
ck_b1496c474c4a3239,0.009837986
ck_5e68ea2c5e893cf0,0.01147666
ck_f2ecab85d4693b4e,0.001377398
ck_89d7bfc81c3df597,0.0020537642
ck_7929284327667791,0.1370435
ck_494ec63c5ce8e150,0.002388176
ck_319b059bb2145586,0.027463118
ck_ccb3767c239018c1,0.0057126796
ck_a1c7adfe26e09a8c,0.027083874
ck_0e13c4f73818149b,0.010920164
ck_c285a51ed6214f52,0.0060359193
ck_916784595f028226,0.16338436
ck_6cd8e0196365c474,0.008279033
ck_57b657aba4daffde,0.017070604
ck_562c76a3753fc7da,0.61309093
ck_66cfc1ebc9a513c8,0.0013216264
ck_0f38d4aed68d7d24,0.0095270295
ck_d8ddf5e99f7859e4,0.007334736
ck_41bc3efa0fca700e,0.06499609
ck_40799e129fcf42c5,0.11503316
ck_786f079389126e44,0.013510409
ck_bb4c6b713eb0b978,0.07773834
ck_4f01f7eac0efaba5,0.0038314844
ck_47d29c01b20cf69f,0.007073079
ck_bf15a1f8d67a30d3,0.009228216
ck_bfecad7586f65e4d,0.0075996853
ck_fc9f16df35190eb4,0.14179003
ck_c09c914e416edd08,0.14111844
ck_c54c5d8e4433b0f2,0.005935265
ck_1694c28f44480e98,0.025743267
ck_1dcaa3078dbb7571,0.0010015396
ck_af559f990c640e41,0.0038569225
ck_9b436162039a77d0,0.0051107365
ck_79d62ef181bd0cd8,0.0041655577
ck_23caafc2cd34242c,0.0213084
ck_ffe2aa26f597e552,0.008697637
ck_e6ffd0754ac08661,0.0046884664
ck_beaacb4a783db21f,0.012332034
ck_9863bff41d24ce9b,0.0028476815
ck_323b9cc5c49f8ea0,0.021845376
ck_ab3de3d3e41c2082,0.0045933644
ck_35c93b2924900376,0.0010950816
ck_5a9d5f9901e37e31,0.009606593
ck_782b0be796164335,0.0076484396
ck_11960b5f1c7a5e2c,0.0048928135
ck_9a66cb13a9884cc2,0.001984417
ck_ba666a425930615a,0.0035171406
ck_40140bef4db73741,0.027306888
ck_e05e91cc180063d4,0.03519147
ck_c7f6f45710bc050f,0.0046102065
ck_055fb9f2e1c8c934,0.03234322
ck_58bb02d98e2b9cd5,0.013713804
ck_d9f8efa6a7800f76,0.0068095536
ck_69691226c68fd50b,0.4828203
ck_6f2f0396e5b1c538,0.9835427
ck_78bc3f1d0f35ea6c,0.00963327
ck_2d5a6b6636a2596b,0.0038192843
ck_7878545739af0a73,0.0025739437
ck_03c4fa4f3ed3512e,0.014690977
ck_1a9e51d092d62c84,0.3113942
ck_9f3861940d8d873c,0.017570848
ck_4684fdd61c6a0fac,0.0030813299
ck_715966f86d5c913d,0.0011077436
ck_77f293d44b4a3d2e,0.012417884
ck_24dae044dc05f849,0.04872229
ck_00b9818e2064405e,0.08967542
ck_c1c2cb49c3c1b0f5,0.16269334
ck_bed50fc64fbbf8ec,0.01394096
ck_4f6ed5ea5ab7c429,0.010301773
ck_458531c22ec2f9b3,0.01352282
ck_51c50c4c443df31a,0.5202518
ck_732d45bd578dc39d,0.0013883428
ck_783fe5bc20cd02db,0.023459168
ck_7f188aaa63d1d442,0.002359727
ck_ef307a6aee38d1fe,0.5938017
ck_e37196b20968b73c,0.023403205
ck_4ef9de711c3d93b1,0.07672597
ck_17946516d5df71d7,0.029858937
ck_3534be0f4efd313c,0.027458515
ck_29fbabf855cabdff,0.004949693
ck_191673540d8486af,0.051486872
ck_5f52728d777ff2c5,0.021236785
ck_a045a19369016818,0.99762386
ck_4eadbe7298b15e96,0.009354255
ck_a3a0bd59729fe619,0.0046378733
ck_a1e77090b1c6ccf4,0.014747079
ck_69ab9d4784eb77bd,0.005708567
ck_baa47383ffd50f04,0.0015476214
ck_e35b2ed08b9e55a7,0.008673292
ck_b6e3af0a5119d9a0,0.031825252
ck_a7c1dabf3869772f,0.049610477
ck_80b8fca67a14e0be,0.18512173
ck_dd9c5f0c42878e67,0.0054765805
ck_41ef7967faf5ce82,0.0013079104
ck_a93560aa348d6225,0.013352308
ck_ffe91d6f0bd93fc6,0.124976225
ck_fbf630c960194033,0.02779284
ck_497ed60723283c0b,0.009337404
ck_2a46b7ca55239413,0.0061672702
ck_1a4e5ace078dd782,0.00609042
ck_616cc31910f5de50,0.004743633
ck_0d65bc749eb42710,0.014638199
ck_2408db62e4395ccd,0.0025537785
ck_5d7721930106dce8,0.011381125
ck_e8a6acea22b20312,0.10549539
ck_e2f792fae128b18e,0.15604538
ck_e6d3ce445b86003f,0.00648402
ck_263334d722ecbc97,0.2103216
ck_8c5b29f6666d4874,0.042572115
ck_7ea0bf310fc20c7b,0.7198011
ck_54d463f7fd89ec3d,0.023179103
ck_79e45040dbdd6447,0.016283914
ck_60b4d59953505682,0.8105362
ck_fb00dd5021642507,0.009894064
ck_f409ff994a210601,0.00818551
ck_2ca0020038bfec58,0.3960571
ck_adf84b9df54c3d80,0.010181621
ck_942dbf632591b65d,0.023898149
ck_454a7e4d859a3409,0.0018843353
ck_2139062d4569aa07,0.015560592
ck_e949a0f4df0b3902,0.067300834
ck_bb113e3e6716ed65,0.035047565
ck_6a28ea6ce69cb869,0.050836056
ck_7df9910af2bba21b,0.007836668
ck_78aa4b731cbfe251,0.0025847123
ck_5839f5cbd8165b1e,0.05062171
ck_7158ad9e58769ffa,0.07142013
ck_acee218cbe61df69,0.047499306
ck_f8dc8473c2772729,0.04679594
ck_f34c93a8173555b1,0.050722465
ck_7cf301d075e4e709,0.0062204436
ck_b87e88ee5512ea17,0.005920042
ck_bed0c020b10afa3b,0.0044872086
ck_ca10102961f99eb4,0.0025088321
ck_393287947b5c8d79,0.0058397753
ck_2fe6cac002142f67,0.022307776
ck_79c7f0d29b1db1cd,0.0047303443
ck_c735b643d3cbf67b,0.0032488315
ck_ea4332c8fe48e2a3,0.014802053
ck_d39864119cdd460f,0.007321087
ck_3b963d6be2773861,0.0063316217
ck_df39e3b8a9fd0bfd,0.5380107
ck_6236a461dc0d11a3,0.0051890803
ck_475ebccca25e30d1,0.0037197538
ck_c10c8bcf5bcd516e,0.02331096
ck_49ccc3716a564256,0.0046846364
ck_4e4f99102f6938cf,0.018831404
ck_a97b481ade6f7972,0.058530368
ck_3fa559c679751b3a,0.0143572055
ck_3eba1fd2c7acc4c0,0.21775468
ck_18c179b4afc4fccc,0.004187522
ck_cc1c0b93d05b7d20,0.070382364
ck_742f7c28ddd019e8,0.004886164
ck_04470bc93b8a0d71,0.0034916205
ck_6e8f8ef7a03cc6bf,0.019272955
ck_eb1ddfc353b4da83,0.0013054071
ck_98831b57c7ca2e4f,0.0019402707
ck_a6c7b8d6e8596d4f,0.012060403
ck_cd7d24e3b095e96e,0.14141244
ck_3f5ae4673a9f858e,0.021037607
ck_05f375fc8ae0afb0,0.006866944
ck_1fc98436281ee39e,0.002680904
ck_6c48c58678f64bae,0.0005453819
ck_8c95aeec6a4c75b0,0.006909843
ck_364cde38958b7af3,0.043352656
ck_85bf21aa1a00452f,0.0045423456
ck_796d3eaabc667c23,0.9951552
ck_ac449ee0c315edde,0.0045541916
ck_6f9fd15ac6b163de,0.003823412
ck_4087065be2a45ad7,0.30216956
ck_ecf006bbc78ee3eb,0.12392787
ck_8ca808cc5a49cb5c,0.007565253
ck_94b90ab8b2dfb50f,0.022160538
ck_59fd11b3232de9dc,0.9299738
ck_67f3794d93e2dd67,0.06971953
ck_b7f5acf5df1bb13e,0.013226138
ck_fb04ecbaebb774bd,0.002053822
ck_68ef3e7301c621b7,0.006211339
ck_41406cfa209b6bda,0.01173779
ck_b0f8f5408662337b,0.008410631
ck_0d2901bfe585c391,0.07815377
ck_3398551e81dbf3db,0.14470556
ck_61c3e3e277629646,0.003955054
ck_2825e34dd3e7ea2a,0.0010001636
ck_20d7571ba830009d,0.015900452
ck_c98b16f9a72a6568,0.0008171156
ck_e7c8a9e4641eb9ed,0.003069961
ck_254a7c97c36dab8d,0.0113160685
ck_e98429675b46272b,0.0010812614
ck_c2fc0ac460786d02,0.0606675
ck_fba15647b3a140d9,0.0057358076
ck_15ce50f2704227be,0.029790385
ck_8c748aaa4a4554f9,0.017928684
ck_e00e82a9419ff086,0.0038935815
ck_832341c98254bd84,0.024456087
ck_27466468d06db4eb,0.10907094
ck_9d7b9e3ff1f3e71e,0.004567716
ck_42c6973d3a6fe983,0.0041242777
ck_877c85bad118bc62,0.008494756
ck_75d2a2715259c4d7,0.0691067
ck_37d3e5c681a2214d,0.75416315
ck_bf285dd49f372de4,0.0110343965
ck_a5bdd026fa9c50fd,0.015086403
ck_88d9244a9cf7a77e,0.9260278
ck_5881b174e49b04ee,0.013397369
ck_5b16d67c5ea89930,0.0072833803
ck_b75b936aafac56b9,0.007418093
ck_aed2681e1646a0df,0.09429902
ck_f63cb5e8cc702bad,0.0035470712
ck_1805fcfc4a9e4ffa,0.8633835
ck_25c355da356c730d,0.015941167
ck_70396398e4a96449,0.048480153
ck_0f743bd13373748e,0.017916784
ck_4b387765f0e916cd,0.0007744336
ck_e971faae8a10a260,0.0016283783
ck_9eb08369e983abfa,0.00069824304
ck_c30c5844512e429f,0.02726787
ck_59e77e3a81f1fa0d,0.009059056
ck_ca4465f2b5c1a52e,0.88058007
ck_c89b9ca398402f1e,0.0033672317
ck_36e72ef9273e7a95,0.005773011
ck_2bdd8616870e5e1c,0.00023255618
ck_216e87a41de22b5d,0.19594385
ck_60f4fb44f5efe3a0,0.001957219
ck_05652e8ace6ce6cb,0.02576169
ck_8c136dc691e65695,0.0015256933
ck_a08f8dfadbdca112,0.0028483164
ck_bda4041a3e90d860,0.0051778923
ck_15dd3ecaa8ce0245,0.57053006
ck_3e3c64b3b7876ce6,0.0067953235
ck_46225858a38b2e57,0.003562839
ck_0cb9f54928f4feee,0.009483231
ck_152671fbf8a9a78e,0.12693505
ck_ee7a515e87d17d4e,0.0065081934
ck_f7276091bf513d22,0.0032110082
ck_4f05daf1cf0d5755,0.002590064
ck_83a69c4a5d55ef19,0.02492756
ck_c50fed2a7c9198c0,0.025846096
ck_70d19d5650ddc8f5,0.0014772085
ck_4b4d99e443618904,0.008670209
ck_dca0b6ca93311ca2,0.14738259
ck_b7431d4706461ec6,0.0020144323
ck_7b59d22cadef3b05,0.12820132
ck_53428573abcd606f,0.022533486
ck_f538ab6aecf2adfd,0.002525546
ck_d321249fb065d2fa,0.0070946477
ck_72fdfc7e6d8e1436,0.0011801937
ck_b52b99dad89ecdfb,0.017454837
ck_d2d4282f9d256b3e,0.019589985
ck_c8f2a1dd8a6141a4,0.0008247446
ck_8d38747058d0aeea,0.67058414
ck_3ac528caac74f563,0.0031904231
ck_8dbaaa00ad829ca9,0.012813462
ck_7c38ec898f0fc21d,0.05906306
ck_8171ef803f5ff604,0.020017412
ck_01a750db6fc1168a,0.10629681
ck_ceb017baa26e98c8,0.03544579
ck_e2c66c72cc0b0f78,0.055222813
ck_8d9518f64b222416,0.004669329
ck_804c5a1fa5753617,0.008215935
ck_fca7cc9c42695453,0.01020378
ck_3a632cdf2c19051b,0.095025375
ck_b2b63ea65edf1dde,0.011358083
ck_27b07021500ee841,0.020847054
ck_9724718fe64c6557,0.9895928
ck_2786cbc3e75ec034,0.08073531
ck_d9c2622cb6df380b,0.004874474
ck_ae1da8ee98e402a4,0.003139821
ck_62967b91504149f9,0.0023185993
ck_6b255bf68709109a,0.006044539
ck_c55afc68421d85e2,0.0024551877
ck_7c7266f6ef2a8466,0.006934132
ck_885cf685a9541190,0.78273183
ck_1a4bb7d3d2ee3227,0.0028386496
ck_b4911c42f3bff740,0.0015708116
ck_66f9f78d4c6a3edb,0.01616532
ck_49bdba9ee1899dfe,0.01718928
ck_79b235d51718435d,0.011327352
ck_d840db8cfe2ef6f1,0.0013500288
ck_610c7bcc1cd7ecb0,0.018898338
ck_cf49b6544aff6c50,0.20605654
ck_de05f97c3d40dd1b,0.024626749
ck_0302f67d75973dce,0.01203336
ck_54c2604c9ca6256b,0.006851966
ck_a1c88c0568f142d0,0.209196
ck_5d72ff6cc2963d1a,0.0033819426
ck_0446920a1004c596,0.006974246
ck_71044c29ef071570,0.0029225936
ck_2122e9bb1afffef7,0.015827563
ck_d1e3de178601d3c2,0.013698849
ck_bec8324a3587ef04,0.003309115
ck_b616b6f45225f319,0.045605436
ck_ce1e695884511479,0.024649873
ck_a662b4bf900781e4,0.00096843997
ck_b5a84c5547378c10,0.002969122
ck_f80af368cfc6cb7e,0.042706065
ck_da3526ab6c5c884a,0.019927712
ck_bd20be9a3392d79b,0.0062616635
ck_b8266dcd90cbfa62,0.00073762855
ck_ac84b33304362c06,0.010331784
ck_794d8935a895e33f,0.03489275
ck_8fea7d915259f1be,0.0030967277
ck_7a1519ad5ff45312,0.0017862413
ck_9bf3ce30b65f75c7,0.023634309
ck_5f864d72d1eead99,0.054922156
ck_3c48e0cfc2a58041,0.3333849
ck_d902183f80cc81fa,0.01583436
ck_539cb0d117db8cd3,0.2861402
ck_28f530aec8e77130,0.04000875
ck_e7d903c50d353361,0.005472245
ck_d288b77d1e227970,0.011908315
ck_017208fcc01b5d40,0.0019916252
ck_7e3923d278a5106e,0.022487031
ck_9700a00ff9e66216,0.016507287
ck_5c36c78b7a4d138c,0.027233811
ck_c457e9c9224b773d,0.0025966885
ck_1dfa91405d7e66bc,0.008123444
ck_f1d8a2695a575e56,0.0038946485
ck_3b92a46daf8d00d2,0.00381701
ck_aab23b5470469649,0.014090093
ck_ecdd01a391610d99,0.0135860415
ck_abd3aa292f8edb4d,0.016838621
ck_7fc9a0776e1339e3,0.0011622992
ck_c0389ebeb0e65cb8,0.004379288
ck_48d0fc4f6a2109fa,0.8584472
ck_571dee4f3336c7ce,0.012687692
ck_4cedf26628c84f26,0.0057934425
ck_63356762d24aab81,0.008472519
ck_2c5bc11bb7ae5d2c,0.9412081
ck_6d26a152f900fee8,0.005684683
ck_c972b0e781efed3b,0.001907369
ck_fa0ecbcf9a33d6ce,0.0020308006
ck_fa3a766e49dc77ae,0.005709068
ck_7baf1e55db0dc558,0.040050227
ck_e8bc49e6494c1f37,0.03446593
ck_8ef1d05cc1e53e7e,0.07236198
ck_cef2a485a77e0723,0.004157979
ck_228a583f23abff48,0.0038280878
ck_ac32c6e374782b27,0.06437061
ck_b9485218cef413f0,0.0034306291
ck_7f15503048915d6f,0.0006210873
ck_b62f5144db15ad34,0.10354308
ck_917d82c552f95a23,0.010669309
ck_fb4797045077bc6d,0.0040589287
ck_2cf8a44e041217de,0.048136365
ck_b7dd681eb3d2ee38,0.0055105803
ck_e9e8cacd2fa35e79,0.0253087
ck_342a79f91de5d1fa,0.019906789
ck_2c91f62c05685ed7,0.0013241072
ck_e30cb64302939f38,0.03493774
ck_d0e95b90ba86da10,0.028019814
ck_1774faf414a5d49d,0.70610034
ck_2401e8ff89e574fd,0.49361688
ck_0cd8802264e0a1ef,0.0876729
ck_da84a0dfe947fd3c,0.008636115
ck_c8affb27ba7fb5db,0.027031915
ck_bc7ece8787ca7200,0.0074538323
ck_469a0578d05990c2,0.0017825424
ck_eef67f8dea702338,0.043786056
ck_4f490e379e9ded9a,0.012801952
ck_354379de065a8ff8,0.0037046822
ck_5db1cb368bc41ac3,0.006570994
ck_9b1c3742dd6fcb8b,0.0046064337
ck_63ce4f44c92d7143,0.061063923
ck_e15e3390f5ed45f3,0.016563512
ck_da645ea91d66aa6f,0.13424629
ck_834ca727df855f07,0.06569147
ck_e1d5ad20c737c745,0.012914873
ck_ff8059ae5fa5f1ee,0.0009933818
ck_8bb9e75393954a1f,0.0034064874
ck_4e1757d1347ab387,0.9897509
ck_af3f74b1d75a5d95,0.010437912
ck_6b1ab0742ff04c3e,0.015137601
ck_f56073911c9f1ab7,0.0056735515
ck_51bd5f69b4fe0b92,0.6511208
ck_fc3d95030b81f416,0.0013184525
ck_cf78169633a1600f,0.006878209
ck_ad7269eaa65c67f9,0.006501082
ck_cc6d33890d47a6cf,0.018418059
ck_bc8f31f4a2ffa1ae,0.0005575675
ck_720776a46e56dfa8,0.012922341
ck_e2d1f212f259539b,0.0074461703
ck_eaf6f7082c3db2bf,0.01583387
ck_773efe58c6278c3c,0.0044622966
ck_c4a72c09f2fdacc4,0.0066143996
ck_8982888dd6611143,0.003016558
ck_9d5049e195eda029,0.011468948
ck_de58ef6f9fe2b546,0.011634194
ck_c0b50c11e4f5adf7,0.010555423
ck_ddaf228487858bb8,0.03452598
ck_eb2323215ff70362,0.024183484
ck_168c96a1a636ea15,0.0029471025
ck_9c46711b14d9eebc,0.0057682125
ck_de8af660806b97b5,0.0020293226
ck_6ab83f45bf16eaa6,0.09065049
ck_bf2228a052815840,0.095178664
ck_3f943f20a9da9bff,0.012335264
ck_3baae40454c00938,0.0066324486
ck_bc2e771a1d8d2dee,0.06591846
ck_e55f5ca37f30ce8c,0.023332197
ck_4ad5937bef176d89,0.0061411564
ck_126531a9126c17c4,0.0022430215
ck_7ec423cb56257516,0.03296624
ck_54748ae0f2daaf10,0.021994188
ck_ff24776280ceeeed,0.01652923
ck_3c3a1a1365741bba,0.016880384
ck_615277c8a4e2b18b,0.00659187
ck_a96aaef34173aee6,0.0504655
ck_bea56db7f3e930e8,0.0016819927
ck_ca491debd3b32a59,0.013186524
ck_d9ea77f4114a389c,0.00031953974
ck_322ffda3332d08a2,0.022987146
ck_c40ffefe4e30b001,0.15482089
ck_3b1d7648d4580bef,0.0016274111
ck_23981a3261674131,0.0037419596
ck_11667f5b9fac7bc7,0.0043383534
ck_646bb3c7be5f0817,0.015841316
ck_ebd0a45712dcf07a,0.0070988713
ck_baf43bf1bd963f9f,0.0380893
ck_e0ca2c819658f6b6,0.9922151
ck_f0d6633d0834fff5,0.02401507
ck_91081be0254878a5,0.006996367
ck_1325000bc7f35b5e,0.0023746544
ck_c624b9063400fa3a,0.11688935
ck_0ad6fa0e23c3bd0a,0.103102535
ck_6ddb55b1f23c6cb1,0.0064259623
ck_dce1fb3acd65562f,0.004178897
ck_a9aa389688ee5aea,0.0065106824
ck_5c5284c45d9ad8bf,0.0147448415
ck_9ce743dd3e92549c,0.008977275
ck_8342e08cc2f9bcb7,0.003489904
ck_25e551a0a8d2fcc2,0.028100524
ck_d4fd0e438c97e0c7,0.07977447
ck_ac7fe1c344190c50,0.0062046377
ck_ddd65711b5651f89,0.0056584137
ck_ec7406cb5cbc8f10,0.009492239
ck_1c65e8d5be3b9c60,0.23756139
ck_38ee42f15a573e81,0.011612764
ck_0e5385c70c6de025,0.23586239
ck_d3137f0f7629040b,0.0010827427
ck_9129c92c12e0c8b4,0.002883844
ck_c86520a00e50a926,0.06468596
ck_87f82b2b5fee757a,0.020898597
ck_643abfbd7548d0c9,0.009705048
ck_be51f4e5e6b85768,0.048673823
ck_132c16312f37810f,0.008302007
ck_c78c096ca8cb33ac,0.001167062
ck_2ce5afbc014763b8,0.011352344
ck_50ed8f4e7ae6710f,0.02151858
ck_5a4eb535c9a11993,0.0031828182
ck_9b665ef46d785324,0.0027878946
ck_e066f71f8b296b7a,0.0053223716
ck_560bc6017870ab06,0.0031227146
ck_fd78f8a8663646d7,0.0092549315
ck_4af5ec61ddbde1a4,0.039431375
ck_c2ed04a9d218410b,0.0011189156
ck_2455d43bbdd2bb69,0.0054762173
ck_56eed7041add49a1,0.30420855
ck_5f0be7b468a72333,0.0013483583
ck_19660cec756632ca,0.0020639943
ck_fb90408f4892a21f,0.01718058
ck_833a65b86a5d9bda,0.0067820963
ck_2ac36e1dff211d38,0.010817632
ck_c00e70606904539a,0.00076297275
ck_ba8affe4b9505a95,0.42892948
ck_0c3dd22587b08018,0.0071805017
ck_618c4e5cfae99dcd,0.06522175
ck_c9690baddfc4177e,0.0009464731
ck_59fae092fb0c4aa3,0.028419327
ck_e03b7d0fa0b28f4b,0.04778126
ck_d451d24c780b5884,0.004425335
ck_e980d325b8dbb8dd,0.0017317117
ck_cff18e2d8c520272,0.010698849
ck_a0e46b67e986ab56,0.023716742
ck_3a469039a5b9d963,0.0033398708
ck_12cbb211ebd2b437,0.007883271
ck_b8cdd6d6dccc4554,0.0011337947
ck_794ba5921cef50c9,0.011734383
ck_2c7667f64edec2b5,0.008944048
ck_7262b4e0c29c942d,0.0024932092
ck_5d818522cbfe2a54,0.0075747706
ck_de39c1947fb675ee,0.024253868
ck_c021495606b4735e,0.0056242403
ck_1fc03ba33edd9e67,0.05518383
ck_a6fe344bbf67f14b,0.0050729085
ck_963762210edc5694,0.023211071
ck_d064428b7e7dc409,0.0346613
ck_59be61b53d971611,0.007848063
ck_ec8738ec663cd2eb,0.00637463
ck_59d086fab5998646,0.006024524
ck_bd32dd3b2cbb7888,0.9948762
ck_ce0166addb93bbad,0.00069092395
ck_7c0fdfbb447cdc04,0.08859325
ck_cb1bd7635968ed8c,0.5184044
ck_66f94903177f20eb,0.004531225
ck_1d7cd5dcbcdafd7b,0.0773076
ck_5e418a7c04437b4a,0.077632785
ck_631ea1ae91ab333e,0.0042108926
ck_0a8029e79a5ae7ce,0.027950436
ck_c4cca8278bdad9b9,0.0022233764
ck_4dec3df58077a257,0.014201811
ck_609c249edd88c565,0.0071711424
ck_02e5f9cbbbf2f078,0.0064177834
ck_32e486859130458f,0.5700617
ck_21ed2ea6386c5a07,0.00034992798
ck_1242aa4496576a99,0.0051829303
ck_475ea9aa6d3898b7,0.025374986
ck_fe1b1adae3be70a6,0.6579935
ck_c5414d7a8031d4f5,0.004117335
ck_ca1f6f01868e978f,0.020143729
ck_5eff0208c74ec714,0.006320354
ck_a315c9619a317609,0.015615918
ck_2b87683c90acb852,0.013017959
ck_7cd9f39c50748ed0,0.017948685
ck_16a06d58d71935bc,0.1506915
ck_d116e0e7c19b878e,0.07946826
ck_931510e384b1d0cb,0.0067390567
ck_e7651fb87bb24132,0.003734134
ck_88ef9f85948e1a01,0.0017640011
ck_17bf38d51115a8f3,0.0034949637
ck_2659d1d3762a2825,0.018605608
ck_a7285955e2852686,0.006135719
ck_f2c33d5b65b321db,0.022788934
ck_83e5979334345622,0.01409972
ck_629537d8b4d0f395,0.003800562
ck_72022008a92c9386,0.014846581
ck_2973b8274f0bf69b,0.017147513
ck_565e3418d2f4061c,0.006621042
ck_54bb53b8f8ea32ae,0.9802182
ck_af0a6540ea7a36b2,0.0026397917
ck_888651bfc2c8cf70,0.006781049
ck_1dedcb48ac381a1c,0.34754303
ck_f73273e220296be8,0.018466214
ck_8424bf65223a5a9e,0.028735803
ck_337b930fd149a696,0.0061638313
ck_8a4952de8a123ef8,0.0060805995
ck_884168153c9c0c81,0.007932131
ck_fdda581aec411010,0.0031643694
ck_2b7cadbc8b180d32,0.92680895
ck_8aa8b9968233a1ab,0.0040344107
ck_0af18b3ce015d294,0.0033158814
ck_8dde670a735d1e90,0.31824017
ck_62f46226f244139f,0.0401831
ck_f948e8a8fdd79b4e,0.0080034295
ck_fa00aa0f3e859904,0.053564206
ck_fc7935f784a4f249,0.20902692
ck_e7501307c0698e5b,0.015451102
ck_549ed417f2834cee,0.0045750975
ck_fb2a35571ec719d4,0.21022289
ck_25822068c86c856f,0.0016726594
ck_8f35d229b62c8f23,0.014481256
ck_bdcf049c1e7d0c95,0.0021521992
ck_0aa9db36eb16422a,0.005059705
ck_42dcf92e9e016922,0.055402312
ck_42341cf31c08c981,0.0029188942
ck_0b20bfc515ba42a2,0.0049664024
ck_0ec820b670d48098,0.0007240425
ck_1f0bafec397da8e4,0.009184599
ck_82f07504ab59ed33,0.075614534
ck_337b24a474010abb,0.99806565
ck_703703bda38fdcf8,0.09788321
ck_01e7960c63dca3a4,0.89421153
ck_be5bd81e3715cb8f,0.9065713
ck_197f8058cea1fbea,0.0017237236
ck_eb3fb1106f2f1b21,0.052727677
ck_658b4b54be09a4bc,0.9815259
ck_266ce7ccf41ccc50,0.003995833
ck_110608c3b03d4038,0.6420061
ck_1be8cb95d6d9bbf8,0.0013731747
ck_8e16a64a776afa82,0.06293093
ck_34bd190d37eda534,0.12303449
ck_4f521611ae14ae66,0.0021010602
ck_d839798f9520363e,0.18491007
ck_d1bbfd246c0ac9d5,0.014653668
ck_f19030e6e85a6776,0.08110322
ck_cdabe60ab59f9d5a,0.022879412
ck_bb84b2b30293f566,0.3198171
ck_427b91925952cb40,0.011750773
ck_1078b1e155b5b640,0.017338894
ck_95fdc264eac72fa0,0.0059407116
ck_e35eb857c61548b2,0.35840756
ck_69bd0b1abea7e1f0,0.15223639
ck_59de511b20c842ba,0.024760352
ck_168e7ea341a36b80,0.0095149735
ck_4937cfa6526ea138,0.0065575857
ck_bb1a981306b750ac,0.016697265
ck_f42a43e4c3f34ccd,0.045785293
ck_c7ae1d4b3ab38185,0.004874298
ck_bd23cf9bba1dd33f,0.06763372
ck_0fd826fad7ec7cd6,0.06629794
ck_f143641bf3dd0414,0.057442684
ck_ad6d48c20a3688a7,0.001554492
ck_7bda5b5b927b2905,0.25461337
ck_a337eb38eefdcc88,0.19353959
ck_403da2a2d800df9f,0.10987842
ck_aa01d5aafde73d0a,0.0037894913
ck_494954023f0eb309,0.014185197
ck_1c6820fc38135ad9,0.04102941
ck_0e0bab173622db9b,0.11259284
ck_547090bf35a3b243,0.014308561
ck_d69455220b21dc9b,0.073964074
ck_90b4ac695b9c6bf7,0.009905983
ck_8d2afe17c0082e6a,0.02145494
ck_926b81c0ba528eee,0.011688239
ck_ce36b0c287bd198e,0.028193656
ck_8026e017909aaa6c,0.0038145483
ck_dfba788f35d4c372,0.0028087264
ck_f09f9d0e0886e0c6,0.0014711497
ck_4ffe0366df388604,0.024801157
ck_75bb521de55644c7,0.008752343
ck_81a960fddf79ecf1,0.87492687
ck_8f43459991ea511f,0.004068089
ck_f878b68d66fbfd4b,0.009226341
ck_e84abfc0c747c9dd,0.63990337
ck_3ad3fd3cceb56b66,0.6940408
ck_7cf562578c7f158a,0.008361415
ck_f81a97d350397306,0.027863339
ck_255d87b7fb40caa5,0.005990793
ck_b3905153b9eee924,0.010473073
ck_2c80a592fb4cd6a3,0.0067892084
ck_57deb202d4188a29,0.0026313285
ck_e3cb5f31d8e94448,0.55446887
ck_0db62d5f7f75f80f,0.01386964
ck_ced9163ea85589ea,0.04098748
ck_e16528edc694fb33,0.8065578
ck_78cc5ec4940fec3b,0.014479915
ck_31742076e9a998f8,0.0029043574
ck_5ac335f02280271e,0.08240989
ck_7cc2e091806cfa5b,0.014569189
ck_3152c7115257f084,0.01254739
ck_ab1b9d019921bca7,0.0075834217
ck_c33a762d98f9b290,0.00475958
ck_b16a7c51b6f7a6b1,0.03592331
ck_97402a153348e68f,0.0021735975
ck_95391029a21caa24,0.022890426
ck_c2015a1200971fe9,0.011887674
ck_ed4427962c68918c,0.9588403
ck_c5e4a17d3efb19a4,0.41218728
ck_8aec3d3dd51517c2,0.004917496
ck_f5178a658225d8e4,0.002341324
ck_8594f165e95316d2,0.004250912
ck_f0c4aac04076a6dc,0.016506705
ck_ac2f7397801036ef,0.015308936
ck_d1ea4bcc407c7d5e,0.0024544029
ck_cce8b6657a538fe0,0.029690314
ck_66d0c6d6b67a8d58,0.00487913
ck_1a6b30320835e57e,0.0057208897
ck_8cd274cc85aa35d1,0.012677757
ck_ada46085a78280e4,0.0054464145
ck_ce1b06623e4a815e,0.0012463446
ck_45e70c8a9686580c,0.06300182
ck_0084d8ab6b1044f3,0.0069119507
ck_a5f7b6fed6df2aba,0.010559214
ck_94940d783e7988e6,0.028016452
ck_00f9ca84d1d8ae7a,0.0016633952
ck_0deb56f3f6452818,0.0029752534
ck_a58e900469dfc3f0,0.017294826
ck_028c41b195280980,0.001467425
ck_7661d7ceaeb19f97,0.0030317844
ck_6957905a65c47879,0.025269613
ck_f7c6c26ef3c4ae06,0.052324526
ck_8777beb11aabd66d,0.0022897436
ck_7db098a17374bbf8,0.8365873
ck_66aeb00e44486cda,0.028410302
ck_838c52cc1d315ec3,0.000805375
ck_1745847cd4e5dc83,0.092283174
ck_201687857ec8b3cc,0.007179519
ck_81818169208a8cda,0.011534368
ck_3303fd3f64632c7c,0.08085999
ck_edf1096809e83ef8,0.0032860849
ck_235ce9603c7dccbf,0.02094271
ck_9df7e153868bca13,0.0030053016
ck_3cfeade2cf270fee,0.003481837
ck_982b0bf2e2b6c4f7,0.0031295952
ck_faeb0da678bb86c0,0.0018580961
ck_e86ad2fe815b6ed9,0.010207445
ck_70d69e5d1bb99e85,0.0105100125
ck_7e9a8924eab779e6,0.9633664
ck_019d5891103e7da3,0.018886061
ck_14f0484b3817eda5,0.009488501
ck_85de63d278f0fbae,0.000784617
ck_ae91b4cff57fb3bf,0.08738562
ck_2a6d43b9f883b78e,0.29562575
ck_7a4e3d553e8ab5b7,0.06220866
ck_fdf89dc69f700f84,0.12842777
ck_f92e04024bf13558,0.001564523
ck_4a522ca2dc4831a0,0.00046430202
ck_68ba25dc3385fea1,0.0071724798
ck_22128a4f0d033422,0.01762819
ck_5b52ee0a13c71590,0.006127002
ck_59472d17debedafc,0.019227155
ck_9dde2c63acda3ba3,0.0037744704
ck_7510b1023cd08531,0.19231287
ck_071ddaaf2e4e3671,0.0015946948
ck_1355db6f4010232a,0.0070944633
ck_0a7adc2f27f98510,0.025956133
ck_68250033717cd59e,0.003519973
ck_7c12de74de30b788,0.6451903
ck_65491367584c730c,0.0041923765
ck_e9047964952bee70,0.031355575
ck_5567779d6ba184eb,0.017413514
ck_d6ea026357ec6477,0.011633289
ck_cd7dcc884e283746,0.01373447
ck_0bd77fea8ed75a15,0.0060303663
ck_e80883208e8d0453,0.010951383
ck_2ad0ecbacd5acf8e,0.9668879
ck_6c1dbee7e8fdd5c8,0.0059234523
ck_ee4d9a7449515908,0.0034202961
ck_636111f7f030496c,0.003023701
ck_2c629c657f73941f,0.016968114
ck_c1c9d3842d758420,0.006003237
ck_e4df7faacdfe8c40,0.0062429574
ck_94e8142728e44380,0.038730294
ck_765aaf42c5088545,0.0055031353
ck_e0f845159b6e6a4a,0.006245247
ck_5bc07deb82edbad7,0.004080581
ck_713159c5c6a7a4d0,0.99552685
ck_b08afc91d9ca55db,0.021428356
ck_a7bc323ffed2ea97,0.4057624
ck_85ca825f905a34a1,0.01395596
ck_33160c443d4b3f19,0.00722725
ck_832d39c590a3ca75,0.8743505
ck_7d1661a34164406e,0.97437775
ck_c2466fc40fc9d5ed,0.978744
ck_ed0e776c0926ce67,0.050617553
ck_cdd2ebeec75bfa69,0.08634902
ck_d7877684c7923ec3,0.04920136
ck_7384d4d2406aabf4,0.0037539122
ck_b8e5244e650aa81b,0.07015347
ck_25a1ea40b2d59254,0.002832857
ck_b9e5b318ee4de68d,0.0016582254
ck_620d7ae27af83cea,0.00968201
ck_40b4e264d1a12b83,0.97176117
ck_b694c803b62862b3,0.0013548229
ck_cbeca201dbade3e5,0.020452652
ck_f9b439c9161c3e52,0.010576909
ck_9880410fcd10a28e,0.0010661702
ck_74928f5f91aa12b2,0.15154481
ck_b6673bbe61d2680d,0.005415451
ck_53c8315b5c30acb4,0.011526764
ck_78f01d78ea79642f,0.009501891
ck_8582490d6e365a63,0.008384231
ck_af25c72d16299258,0.0007015908
ck_7905fe8e257b0449,0.06744234
ck_0d16d9349e4a9e08,0.02374746
ck_31b16b8848584e98,0.015798049
ck_67207e3eecc02d76,0.03537546
ck_e6b95ff91116a592,0.005507156
ck_c08f622bcd6de6e7,0.031892605
ck_f9a68da9e0f0bc85,0.008912071
ck_4072b59388976896,0.003010003
ck_8ec86e853ad52828,0.070539884
ck_4fecb87eaffd5cb5,0.001315842
ck_d6880578428b965e,0.20927249
ck_bfc82b3c1c9f2897,0.5271767
ck_c340644176ca03e7,0.04701318
ck_321e740066fb05c3,0.4744879
ck_8929d2eb09872052,0.012558112
ck_205c107cec528414,0.4134093
ck_e76db7d2562f9836,0.020434251
ck_9ede51c8434cff6e,0.0085466495
ck_492e4b89c61b7b6c,0.012199919
ck_9385f5a1eeebefcd,0.020607267
ck_ee52c7bf88f952ab,0.0077603194
ck_d8116c34302021d7,0.0010570065
ck_01645ea51972e99a,0.0233731
ck_7b45ed23304a854b,0.00414362
ck_2096d32f3d497ea1,0.16894312
ck_dfbb2056f1ef7d3b,0.20557982
ck_938ce30c864bc7df,0.006382515
ck_ff30dda2c881a4bd,0.659452
ck_f88c79186a082beb,0.021408321
ck_08c7bb0f9851cb76,0.20275319
ck_2675e7a008e584a7,0.18255784
ck_cbaf8a954281d4e3,0.9493893
ck_8b24eadf6c72b30c,0.8145866
ck_ffc8e3c1377d0706,0.0044277115
ck_5b59e859bed5b40e,0.012223639
ck_7b61717f172f9317,0.94572484
ck_e5c30947b732f661,0.07513723
ck_bc273f3ce79f7e1a,0.0022760893
ck_f69e93388b3028cb,0.31252077
ck_3837ad850996ba60,0.00798849
ck_36d78ff3bc033ee5,0.020066973
ck_5e20953547ba4135,0.13962305
ck_258d661e450ac870,0.010430576
ck_1df66f537496ca59,0.022999771
ck_361f535599110201,0.0018389015
ck_337e98c69f6e7886,0.005001081
ck_d3d5b2717cfc3913,0.022874072
ck_b1dba768dbe7affe,0.011907855
ck_92d782bd9ce0d1e3,0.010469481
ck_26bd0f8898afc8ba,0.006620844
ck_7916e53daab36745,0.31313214
ck_2caf553b31831a50,0.0022793575
ck_c6200734c7f9b2f9,0.41808107
ck_cdc55623cb16e6a9,0.0036551359
ck_57849e15b61c43b4,0.018792527
ck_b7af9b2ee0eebbc6,0.039852843
ck_00aa5fc3b3bc66aa,0.04603538
ck_9929723f65636c7f,0.99607146
ck_8f6cce9f69912983,0.0048259967
ck_c422ba389ff00781,0.0012165057
ck_9ec7f334604a228f,0.010686148
ck_5d01200ba3341462,0.019178163
ck_2bf10be403849c9a,0.0026584081
ck_6ca018259f70858f,0.0069152378
ck_a54dc042ebb7c766,0.14496277
ck_79da63fc100830b5,0.032920104
ck_67ab6f9e05c85085,0.0027138328
ck_fa80da579ea9afc0,0.010166361
ck_4339f86c87289222,0.6290518
ck_a2299b4f530be0d6,0.64750683
ck_19db0bf788697c2b,0.0087854685
ck_fa4211c4d826d830,0.0011068592
ck_96100d5e8e051e91,0.012895915
ck_5c3a671883d58b3f,0.00077747233
ck_2d9524787cfe1ab3,0.1911205
ck_47ab8e51e5b3a2d8,0.008841892
ck_c924f36bc1bbbaa3,0.0037778425
ck_5c58e7f8fd55e26c,0.002243553
ck_a07e7409d6d5aa06,0.007935378
ck_c8413898f5f7cb7d,0.008087707
ck_577c816b41cab002,0.72783446
ck_9f7807ed64cdb728,0.14707267
ck_495d814d6d6d521e,0.0015375175
ck_7aa8bc018c2b003b,0.010247857
ck_7c3a6a82f3c3241d,0.016367067
ck_487f7fbc290e4ae2,0.02024026
ck_e556c4d36aadbe03,0.0018965672
ck_7e6569a1b2455cb0,0.0014947704
ck_de2924955926d046,0.008765518
ck_73d60b4630e3937a,0.0046170894
ck_805ee564bd35ef15,0.048911866
ck_0d40961e47797027,0.00058503565
ck_f06d00a4f9c87d80,0.0015578676
ck_5ef50fb07b6737d5,0.015329745
ck_16541fc15683e21c,0.01062965
ck_09fd43f1b7e2eca2,0.0013499124
ck_2a2c336a69b8d68d,0.021362342
ck_2685f38930866af0,0.0061635775
ck_298278a9da874437,0.056152143
ck_00bd7803f2530c68,0.020272417
ck_c2b4a1d8c0b6c1cd,0.0010621379
ck_2acb54ca20c3af6c,0.026185066
ck_e3d4b6f681c783ab,0.050465144
ck_f90293f1eba5d7b6,0.036281053
ck_e69d27e8965df0be,0.002395125
ck_b7f5d10b427346ad,0.0031606639
ck_1ce20e4223a936b1,0.02128452
ck_6b97d1ab90f6bdeb,0.017527655
ck_e30e17db5473c7b2,0.001830833
ck_154c8efb19dee665,0.002317449
ck_6f5bb0c930644cae,0.99371076
ck_9e17699baa83d173,0.010838394
ck_9693b1eb70880205,0.007934619
ck_1e97899875bb427b,0.0010951469
ck_558a82590f65df69,0.0019808873
ck_18df83242ff3cdbb,0.0043382277
ck_80ad4396e1084c68,0.050357383
ck_0a993bc947bab61f,0.008358411
ck_5c2d43ff841632f9,0.0028850618
ck_6e4b99fb9725d9fa,0.009676754
ck_e0983999ca26c19e,0.022019396
ck_6573c4947cc8607e,0.024349151
ck_d879d645d6e44207,0.0076561016
ck_1375ad9f10688e4a,0.003058503
ck_7501ebbf4e21f160,0.0039184233
ck_ca60d61cd4dc3bea,0.0013956472
ck_ab9ea095a5c58b4b,0.019829514
ck_23756522b58df5d8,0.01639348
ck_90bc176c43d85fd5,0.22898792
ck_908b663b2dda94ad,0.00831487
ck_4df2fb8e4b649e27,0.023165122
ck_5615c6bbdef05291,0.022487162
ck_b62f3e3185251f71,0.00049897755
ck_38d1a22850178f33,0.0131838
ck_5b3ba20c8bb1383b,0.0018989064
ck_5576ffc6aaf6f22c,0.0028942958
ck_cf7a022178165e56,0.012070593
ck_f2c7a4c50e2ede96,0.074246645
ck_285719c77eadf915,0.00096420303
ck_f2aa1b677619ab19,0.0039573014
ck_3830c58d841e9e69,0.8228701
ck_32eba3510c8eac5e,0.03719924
ck_8955d7b9030d5eb5,0.007045478
ck_6775e387dace7525,0.006450535
ck_0a0cd7f4be606a93,0.119199276
ck_a9f700eee5d638df,0.0009061723
ck_3d7db96995745472,0.013132668
ck_aeed557007d52e9c,0.0014083257
ck_79b6a86830156b5a,0.0071045
ck_6a1ff9d69466181c,0.9953094
ck_f11b1565f986f5e3,0.01663907
ck_4819327a78615485,0.0074197915
ck_3ed9e081959b2f5c,0.016259978
ck_16af4be191c47d3d,0.0016343296
ck_25122cc0e8b1a662,0.12379418
ck_509c22828d467ba3,0.009347404
ck_31109c899336348d,0.0055460124
ck_c51131e53baa59c7,0.004193465
ck_cf8ecabbc61d3e11,0.054028552
ck_eb6baff0f85ba936,0.032138553
ck_777669e2243204f2,0.89110714
ck_ac0ea27e692acdc9,0.009632974
ck_4c6ea04ce8ca9e2c,0.003940914
ck_ca54b32fca7e94cd,0.038408678
ck_4dfd8947f540eb24,0.0030051973
ck_95aff1fe27fb24bb,0.034897737
ck_c7550723b90e5615,0.00091945776
ck_57b3fee69bdf85e8,0.00909434
ck_f823407ace7ff064,0.0500755
ck_a69084a068bcc8aa,0.036124133
ck_c7b17f7b24bef5d7,0.0040251995
ck_7c4e588f927c27c8,0.017300874
ck_77fdac602d0c6f95,0.033569273
ck_e963d8525018d072,0.012770839
ck_6e8ebaea8f7bffaf,0.0011358287
ck_aa42976a31cb7770,0.0014364271
ck_22c862a496008c96,0.99713886
ck_527550dd15f38782,0.014687367
ck_b3ab3c210e2c7c19,0.02804324
ck_ed9c56fdb9f45ddc,0.56141984
ck_b53281da70defcfa,0.004159338
ck_03009b721568ee98,0.1342895
ck_3d9afd862b3f4053,0.13701397
ck_ad3c4be96599554a,0.0044255303
ck_d1c787c27d50af49,0.0054993527
ck_c7a9c7b2eef46a99,0.032320812
ck_53036d3c6c74446c,0.22115575
ck_1b1efbd9c0964c8d,0.009293443
ck_d66f42a269d5c1ed,0.08006075
ck_fefc49a2b8ad993e,0.0015582384
ck_8b3b874249adece9,0.006680711
ck_193d9c87ad3f1dad,0.0047431374
ck_0c6a50d747593b7b,0.0060624476
ck_c830f3830875b47a,0.11012761
ck_79e202f06d8dfe42,0.010861243
ck_5c0fe988b8aa7fcb,0.5416673
ck_a8382d8345f21e1e,0.000721163
ck_8cb20053914692d0,0.037208293
ck_1da2f69023ca4c13,0.00078534783
ck_38abb60995114f8f,0.026763126
ck_f5791fd8fd8fd191,0.0066285604
ck_a4e6fc391b674335,0.29926807
ck_bd771efb4a7e15d0,0.005578124
ck_38ba4a6b6a292054,0.054826867
ck_f7a07283345a0dce,0.0049405796
ck_87dc484baaf5a23a,0.003150798
ck_c84ef83489badbfd,0.017076368
ck_a397cd64ec5d644b,0.0038679778
ck_7977135c2ff61e92,0.0027232545
ck_52174855b243a8b0,0.06538365
ck_0f35e930d0614613,0.9428198
ck_b170a7db522a0d6f,0.010842637
ck_7af748a23775bd54,0.05076667
ck_52f641c9ee6fda70,0.0029820928
ck_c3719a30414bbb4d,0.035145227
ck_2baf214ad6bc0dbf,0.0051723663
ck_8b39d8aacfdd72b4,0.018701633
ck_d39b0152116203be,0.006603292
ck_ed33f8a937f9c7c8,0.01106237
ck_8ef97b55a5fd6ec9,0.0011455172
ck_8247f008a14bd1a2,0.012047915
ck_f0d349d68249d5db,0.0047777295
ck_a544e766540861fc,0.037223935
ck_9dfaca4c7c80b10d,0.17097157
ck_7e5401c362b2216a,0.00086167536
ck_64ff60c073fdb6db,0.016749658
ck_fc5ea49518e5d637,0.0058853216
ck_580f136ced341298,0.008766657
ck_9cbef9bc95449dca,0.009108923
ck_e475a3b8ba870a7e,0.0032920623
ck_97e94708bcf43563,0.003581405
ck_13f03ec785cbdae1,0.0045751585
ck_152820d8817f478c,0.013194039
ck_d20d4ba60eec9945,0.04745341
ck_5c45968a805132e0,0.012955585
ck_bebea2cf3063fb24,0.0068469387
ck_c3c69aefe7ea1d2f,0.012286427
ck_02028b72f26fe855,0.0165155
ck_dfadff70a58a9133,0.007000917
ck_6482ed4491bedcaf,0.0012057688
ck_754cd7b4a5ae3f94,0.018438514
ck_3132857aec8485bc,0.00081065536
ck_7ce4ca91b8f9f1c1,0.014592346
ck_41938582f4351772,0.44194958
ck_f87d66946252476c,0.2410271
ck_8053f1879a9b4e43,0.023261856
ck_93892e91387f5103,0.013807994
ck_15254db133b28371,0.0275479
ck_d557b9feb241b3ec,0.00985609
ck_71c3a8e4c12c989f,0.004980171
ck_80e3041811033443,0.027917832
ck_3380d60067b4634b,0.002305044
ck_a9c2cdc758df8510,0.016404271
ck_3c0031d7514da17b,0.009113409
ck_18d214b1418be39d,0.017111586
ck_7ce768407fd48321,0.025778156
ck_7a50abd42298133b,0.011744949
ck_2db10f987d137582,0.006805852
ck_e077d004cd1d80ae,0.013522483
ck_1cb6dc67f9a321b5,0.0014719989
ck_b864f64101149c35,0.4768917
ck_9bedf54df9418e4a,0.004809433
ck_c47e32c47f0e6578,0.18668705
ck_71f382d5e338daa3,0.0011275783
ck_14b4bf7be6ac2b61,0.046964664
ck_5c87eea1cc07cc92,0.055553388
ck_5f445182829ef342,0.021221854
ck_a5d7311291caaa54,0.0568034
ck_b7df99aecef385e6,0.011741198
ck_3327a0582407068b,0.029330771
ck_08dba09fd7dab896,0.021219125
ck_f4ec334be5266378,0.03502021
ck_240f7f894c5a86e7,0.03593444
ck_a9d994554fc14a02,0.00027129476
ck_13648cbd306eee6d,0.0084722955
ck_601edf9105b3c321,0.98220795
ck_9527adac182abe57,0.30950382
ck_4e0e80f5cc271bf7,0.0015062784
ck_96a89e720176b389,0.0234852
ck_63560eec94b76d2f,0.017948685
ck_c9c99e5b19aeced8,0.0015375137
ck_bc32655ee5ed643e,0.048268504
ck_edccb5a93b741744,0.0058980845
ck_f786cbc987b70930,0.0018115565
ck_0e8f26536ccc8947,0.016560134
ck_b87ef4b98cfcec4c,0.026405523
ck_1a9235812de4b2c1,0.009656112
ck_d1ed88ea4211ba4d,0.00058539346
ck_a4ddac49657a4450,0.0036883696
ck_d9ffca35188e49d8,0.01726096
ck_3db73bbe03c3d240,0.004769377
ck_fffa0622344a36ab,0.0014882357
ck_148c28df51bba5e9,0.900066
ck_076cbc25c8f15fc3,0.94361126
ck_e5ca550b39ed45bf,0.36673158
ck_8dacf3a2061ca17d,0.00927383
ck_2d7394afd61643d0,0.0048235375
ck_e42206e91f6a1752,0.001063607
ck_2f4f94827984c426,0.0006752988
ck_edfe8e90e8f4366e,0.0015217679
ck_646b15f753e5e9c6,0.01564019
ck_66600620149c8799,0.002045138
ck_4ff6fc70bccfba96,0.015915455
ck_41af3729590c2484,0.004864598
ck_920a48ba8c583e96,0.00084119465
ck_0253b3e7be021306,0.007417489
ck_2ae6949246ea2648,0.0067633004
ck_db23a5100f338d72,0.017390203
ck_fcb2a559474c3493,0.0041660382
ck_0a4d7acd2a53cbbd,0.003421689
ck_c5d62b2b7a6f3bac,0.9876522
ck_cf59f4fc0ea690b2,0.009311103
ck_837be8126bb19250,0.025233598
ck_58955542edee1adc,0.0077755568
ck_1b93381d8eea58d1,0.0037049379
ck_97b8e05d62abdc14,0.03860787
ck_71a0d645744302a3,0.005727696
ck_a7b57882ab66b111,0.004428107
ck_65f76421be648549,0.007703651
ck_b53ea8713d32ca7c,0.013306527
ck_991c4c924a1d85ff,0.77659523
ck_8432ccec1a4ec7fd,0.9967092
ck_64c1633297f43788,0.010269335
ck_4291fd9c1161d8e1,0.051283576
ck_5e98ed6391d9f429,0.03566311
ck_c7baebe4549fdbb4,0.014951284
ck_6e67225ba59fa5ae,0.07937495
ck_719602def4d35fe0,0.011462446
ck_bdee7c86f5ebe81f,0.012331018
ck_8de38f8c7f91961f,0.029052053
ck_b0b5bf9254700402,0.008878691
ck_7b55d9bb1a250d4f,0.3376011
ck_3954b7b0fd1d6614,0.0018174493
ck_f29471fe7c818d6a,0.015024194
ck_9e65a8a2f587691a,0.017858949
ck_eaec5f1a83b66eb0,0.10844908
ck_004fe0daecbe2c1a,0.013459143
ck_d17653a4a2d4a79e,0.012344331
ck_0dd417fcbf19e424,0.026800698
ck_4c99a6eadea143e2,0.021471111
ck_74d602c907ee9119,0.0069994093
ck_1aa87cb62acc0ac6,0.0058384053
ck_094974d75e29fb2f,0.04773331
ck_5ef935ac3d4d3332,0.0044798683
ck_b26e4ae47c9107ed,0.046924286
ck_396cea6f95186ad2,0.017619124
ck_48446a9e8184c7d4,0.0038814242
ck_31e1ede23247d56b,0.021278974
ck_7afefa349b960a3e,0.013385977
ck_f5e02a3432571b20,0.008712958
ck_64eefec062592c43,0.017499955
ck_a1201284122c141f,0.028042533
ck_1b34c420a4c85a95,0.011374699
ck_d637a011332ba67a,0.011278366
ck_99c0004d8b7079f8,0.0049514077
ck_948517bad569b40f,0.07242936
ck_a28d6b1601b472a6,0.018425789
ck_a0b4209feb31f5c0,0.9961118
ck_d6d2c1f6dfc455b6,0.015917337
ck_3f9e6d356d3dd3cf,0.008026757
ck_d08e00c842b75176,0.0017680941
ck_bfdd232a7c5f2660,0.044003513
ck_2cdad03ed069438c,0.012517241
ck_42317c3eabd0a285,0.0075809928
ck_3eb73e56751c704d,0.06468017
ck_ef33c04f4c9e3758,0.022351956
ck_1dc23dc870f1773d,0.054019574
ck_76091f357974a152,0.025367444
ck_4d9eb75e8eee90fd,0.044500258
ck_578f67e69e5d2cfd,0.0020791139
ck_3a8ce1cc724229b8,0.0016528458
ck_a96887f841e80fc1,0.003910432
ck_d2d4a8f4a9f2c33f,0.0011676741
ck_11f85bc705dbe036,0.022291308
ck_7429b3f87528e335,0.0023850787
ck_26df74feac7ec51d,0.020482743
ck_c78b2638fadd91ab,0.0346128
ck_7eaad325abe3b50c,0.02116462
ck_fd44e34af620e606,0.006494885
ck_f99738dff854e25f,0.0025862874
ck_1ffbce3a239bb264,0.0019327943
ck_96c7d52ba0a766ef,0.05935884
ck_cb1c00c300af3f9e,0.009552102
ck_ec3d12848ced99f2,0.0072504496
ck_26cfd7c3c6c7bf69,0.0033290205
ck_7ae86b5a885affc3,0.0127537465
ck_3edaa94d28cd48ea,0.006448072
ck_3209c530c9812e39,0.012427541
ck_ea62ebfc1f04b49a,0.0030040974
ck_5fc90b4668ea81bf,0.022493657
ck_95654593cdebd141,0.0018261534
ck_958c0bd61820147f,0.042976953
ck_8440ef1386c07194,0.0022919802
ck_8cd1b68dd74b1375,0.13432682
ck_c9eb4df91ff07f2c,0.007829571
ck_c29489366c01fe65,0.9529702
ck_c965fd6bec0f0ecd,0.012403676
ck_84c402b23766e1f2,0.009113271
ck_181f3dae03b87136,0.05792476
ck_022a8ae79eb28cf6,0.92808
ck_469c17407d17b706,0.027296871
ck_1fcc5843f39148a9,0.001036179
ck_5debd55f361b2ddf,0.008502117
ck_28cb9b03e89263f1,0.0018483662
ck_f067470743d3c7a2,0.021227771
ck_d5d225ce41a1a762,0.005997282
ck_15b4840922195ffd,0.0051340014
ck_6bcfa37c717f19f1,0.011448029
ck_8d501a0386c66be8,0.20193361
ck_1a9d6190c57ea7e2,0.4548933
ck_c49832eabdac5bb7,0.00044715044
ck_b4331140b2e0d4aa,0.009605673
ck_5efbea1befdefe1b,0.20161001
ck_72ff52c4824072ce,0.009129786
ck_ec3715add8bbb6e9,0.008327713
ck_9822f8ed05335741,0.16516224
ck_c3d7d3d12a1981a3,0.013410893
ck_a115a7919ac5875a,0.010411542
ck_4dd4ed23e0b927b7,0.20955873
ck_4c76efcc1ee6762d,0.27432436
ck_3ad6e7bf452c9b21,0.009933469
ck_dcbab304b55a42c7,0.003370509
ck_24b53090faf722cf,0.004280661
ck_187317383400491d,0.017967984
ck_e07fd57565c94c28,0.046315946
ck_740e760fdcd27835,0.0011697548
ck_d3796aebda1cfed5,0.69692177
ck_e541967c681cb929,0.09440713
ck_431118050b834dcb,0.00071448507
ck_90f3655f0c8a0074,0.0015141612
ck_13cd943777651aac,0.017552454
ck_66accecabf3901c0,0.053198367
ck_937f0da2306b2eb9,0.018554725
ck_105b0c93573fd5b7,0.23267975
ck_00480407160e0743,0.030644003
ck_e032068be7b77d15,0.102371246
ck_991b7dfd69098320,0.008082988
ck_37d47cf0f34574a2,0.0022002722
ck_011551a596544f5d,0.0021067585
ck_9acd98f4fe2d474e,0.3345188
ck_7c88d3d377bb61bb,0.023725169
ck_e2374c7136c964fd,0.049062677
ck_2fa8f2577116e9ca,0.014185343
ck_d07c5b0321c685ea,0.21555424
ck_bc736114a31088a7,0.010906951
ck_32bb42f9bff197f8,0.0020372905
ck_66267bbad1f1415f,0.97423255
ck_19988702ccd79201,0.011334489
ck_f473a03fbcdbc4b0,0.0110046
ck_e3f1d85fa5d49396,0.017875306
ck_c4402ea6291df271,0.02282891
ck_243bd5ca8c4ae5d0,0.0038501262
ck_f271e855925e8d6b,0.07362709
ck_e424148c6f2223df,0.043604
ck_e4d0a9e1102a58b5,0.0066725616
ck_91c2a5fe69b9b1d1,0.007934041
ck_5fd8924732fe403e,0.24514905
ck_9a881d5433126ada,0.0033712266
ck_73cab88b29c7845d,0.025298804
ck_5b5dea6476d4e182,0.00967764
ck_ccccb17d2ca6ce94,0.022917526
ck_cd1dc68e441222b1,0.9486868
ck_8312c49b1431a406,0.024250511
ck_25fea39897f2a559,0.006927266
ck_f56200205280bddf,0.036212016
ck_7336611650dcc088,0.0021419788
ck_590716322ff147ae,0.03000439
ck_c82364d87875a1a1,0.01321098
ck_fa4b60387d744fc5,0.0014272539
ck_d841eba8906e9a15,0.0043119644
ck_d6df562a79b9d0d9,0.011117797
ck_59a14d2564193101,0.004908104
ck_8530158e3d7f59e7,0.00081638526
ck_ac68d707006c12a8,0.025769249
ck_976fac1bb3dd8c58,0.016498981
ck_f854fba8f4adae3d,0.17441721
ck_b98e9c3ec6e7d1e7,0.004583729
ck_803c0b4cf9d4bc1d,0.0065940525
ck_76997a33c3ea5107,0.0021553289
ck_f1a9d832b700bda1,0.9727443
ck_2bd96ddb8c323d63,0.9921347
ck_9e5b7acf51b1b743,0.024928093
ck_09169f22194fd6aa,0.027077265
ck_6d69e092f9b0848b,0.011013675
ck_9f83fa5a2d3b9049,0.009066769
ck_57bbb19eecb4b87c,0.008359193
ck_e0e9cfabb979f428,0.0031569432
ck_b1ff9edc51d42f97,0.012463655
ck_4682fad271d47eb0,0.7701063
ck_ab33fb754c818ae3,0.016966276
ck_b456f62b80e21557,0.0016571316
ck_16340be3f2a7fffd,0.00075299107
ck_ce66831f6611014c,0.0021140077
ck_4610a073bb54d1b1,0.026319483
ck_fd038a7d33a9d6e5,0.010777479
ck_c8198cb4c461304f,0.016641902
ck_1e7de58822000dea,0.0044196094
ck_b2a79dd3df560f14,0.039791677
ck_74a06f347b32347f,0.010823788
ck_c6fdb2972417c9bd,0.024728313
ck_d7607a213b800bfb,0.060939714
ck_df65967b8b40319c,0.0032324246
ck_329a73dbd585ee09,0.0023496088
ck_74991a9e85c3b07d,0.030866094
ck_bb76609b79e0bc9f,0.024858644
ck_f7fc1bd0b9ab1fa4,0.018206405
ck_d111c98b36bdb791,0.0013117766
ck_f07e27d125497b66,0.0021285505
ck_093e3a7134e11d6b,0.0022033574
ck_862c7953bdea48b0,0.008187371
ck_392cf2cdd515c34d,0.0057929917
ck_80eb91b0b4001084,0.059358932
ck_5923f53b77193a58,0.026200153
ck_8049f5fce32be185,0.88304764
ck_ebc5a2c6cf88e252,0.0830526
ck_9ea5872f14cce338,0.019091297
ck_f7fbc95ebf584379,0.0036297697
ck_bafe82c870356706,0.9875837
ck_278b36c5932d9bff,0.0060458602
ck_6a892dd5d05c1649,0.0626435
ck_0734fd90b2cabd43,0.007671107
ck_9b552204498b6762,0.015123915
ck_f6c909c205767956,0.06239041
ck_32f590e87bc3d715,0.0007863944
ck_66a8325f28be7562,0.0016694464
ck_b129261da9c3c3c9,0.030795915
ck_a524071c51ddde20,0.010394061
ck_ba576d6d4cb6130b,0.13270243
ck_8d8226520722af78,0.04539456
ck_c5b0f0d4f1655a20,0.018801238
ck_61814ae9b6d8eab1,0.009858733
ck_382ebf136f7fa337,0.12042965
ck_423ff4ede6a9f066,0.10387355
ck_546ad962d04b7de4,0.9926345
ck_9473ea4a01c95f9a,0.09047688
ck_9eb1da8cd35a50ce,0.0016773223
ck_de5eaa2cdbcb67ff,0.01873298
ck_537cc97d0398c922,0.36791623
ck_998475a2e4dfad4e,0.018005852
ck_e62eb708d2688fae,0.004994328
ck_ea623358f704daa7,0.14969112
ck_b911a09f328dfd4b,0.0035669585
ck_4b3506b624e5193c,0.112638555
ck_448456f96788713b,0.016607944
ck_5d5ef9e75f65d076,0.012507932
ck_3b74512f774a6e5a,0.009174732
ck_a032e8ac1507c6df,0.5260785
ck_7e2d6b22a0ae20c2,0.034285925
ck_d80283209c963f11,0.008112045
ck_d1157eade2ac3975,0.0050273906
ck_be48f583f79427f7,0.02386498
ck_0027b5d4107d65d8,0.057224642
ck_94fff69584dd3b2a,0.016811637
ck_75fcda73f0b43557,0.00528828
ck_a1c78972e4ee4082,0.01432533
ck_f0982bbdbd122f91,0.0030641959
ck_3199b471575aeb3a,0.0068767364
ck_7fa947a0b1c1cf74,0.04263778
ck_a60c618b7f0e4252,0.011906655
ck_722ac47c8ac9b6c3,0.07706018
ck_d44dc3839a195c8a,0.11903556
ck_a2c3e82fab520483,0.02163504
ck_6f8ae0319c07cafe,0.0016932251
ck_49886ff1e2c759d6,0.022228178
ck_150a1108f936e6b0,0.0076654614
ck_e21f9f96f597695b,0.007340335
ck_7297bff2b7fdcbc8,0.000625218
ck_ee949c71f4f702eb,0.93716604
ck_6fc37dea4b4f35c6,0.030664407
ck_e76257caa98dc25d,0.97859734
ck_828eef2334e17b3a,0.0032705318
ck_604e1b8a8c693aa7,0.005759113
ck_7743c9fe037d1f9e,0.10656831
ck_864a11202e19e812,0.25393635
ck_4ec040b9e3785e4a,0.0029885052
ck_7346e4f820d9c00a,0.86279845
ck_48d4d63beb26b623,0.006274447
ck_c423aa6de3ed1e01,0.002153825
ck_d74b2ead8aaa3f73,0.020585585
ck_1dd69a11daa7bf1a,0.005623531
ck_d9143e236eef177f,0.030515669
ck_f790d91e5ff0eccd,0.27924967
ck_69b5620e00ef5dec,0.00078335666
ck_cd32e58e8a1c0e85,0.009721688
ck_064013b0957d87a5,0.99101454
ck_a481385c2e60dc4a,0.011074343
ck_d72035cb29db3aa4,0.010238038
ck_3759939a0205306d,0.010881168
ck_f437a53fc832ec95,0.4519919
ck_260ef2f3e6434819,0.23346977
ck_35e411b05d22f663,0.0036140897
ck_8bf46e472f3e20de,0.044568956
ck_d546994fc5d3e9d1,0.0036093225
ck_6ff0fc7487e737e7,0.2385207
ck_5c67f27816ae0b6f,0.0066623385
ck_c5517923458106ae,0.013531964
ck_d9735647a6b0b0a7,0.5583736
ck_541a734fc457246f,0.012106932
ck_2f6a639468f41043,0.0053396104
ck_bea2cf7a6b7bb900,0.0021625946
ck_7eebd0e6ad6c070e,0.0053740516
ck_b64c87d5e3b10e6a,0.9574695
ck_9dd7daacb7833233,0.01912432
ck_396e9ea9a6c6d7d9,0.023233354
ck_1645e6cc53fa99ff,0.029306646
ck_ea2a83ccb8d57490,0.0027518128
ck_e64f0df63e1be595,0.046622332
ck_fa0b234481cb57d3,0.022344131
ck_63379e3c9fe6f711,0.030126436
ck_c67f7944896a0310,0.060539234
ck_c10e54c9db29e6ef,0.9884998
ck_7184ad7709ae4c80,0.020607267
ck_f8b6069d7577fde6,0.0123256175
ck_18444be153bac1ca,0.8065611
ck_d0982b4e0e118e4d,0.041445095
ck_6faf3e6820398866,0.001222397
ck_97e980463aca4644,0.0058122366
ck_630c835243c66b19,0.93938893
ck_fe429ba3e1aa0e4f,0.022348454
ck_1058129ed7b48c59,0.014399312
ck_04a1a46f07885296,0.0104527185
ck_f01e94331067edf6,0.0061798682
ck_77b2fb17c29f5e72,0.009455649
ck_4f0c5857da45fb28,0.03831831
ck_2cfb9a7775e8a5bc,0.99485695
ck_6846100e43659bf3,0.008359379
ck_f89719a854fe11d7,0.0131009715
ck_bf47375e41ca3bc0,0.002022262
ck_2770b0400a7bef08,0.054126203
ck_2a09d142de1c77ff,0.011082017
ck_857a1f5547b9ad68,0.0043590926
ck_185f15b1523bbcf4,0.0014074348
ck_ab2aed614ec1cdf8,0.003320707
ck_a9e7f3b2d5dfd97b,0.010472939
ck_0eeb3d9b3e697edb,0.021144755
ck_fa5830d81bc8ddc1,0.0035235106
ck_231ae0329ebc3220,0.021790795
ck_1587763dd54688c9,0.0073816325
ck_9f85fea4490c00cf,0.0035990207
ck_a2d709e7eb91e4af,0.016142653
ck_43637d28c7216453,0.004431318
ck_f3ab5dd853d38252,0.04189691
ck_4a1f0172d3bf4fd3,0.025494536
ck_517620ca16505af0,0.0052522975
ck_9ae904fbef56065c,0.003165123
ck_d5ef1f6e34bb35b8,0.03233952
ck_ff42557857ae3aeb,0.0017932088
ck_ad9a18f58589faa7,0.04334023
ck_df1a6edaa3e6b271,0.0032070316
ck_99021fe7225b5a68,0.033142902
ck_99e52c3c2530b69e,0.9955289
ck_3a4811dc4a1a891d,0.0069160042
ck_ba3a6be026c87079,0.0017528913
ck_da6d1e5cf6aba6fd,0.013335691
ck_ddc7c1f3d45fe6e6,0.008310766
ck_e1b1e7a7e4a15b3e,0.005789203
ck_8288f7f226e08b89,0.0023547772
ck_c4524993ec31dbe5,0.008024146
ck_8b19bb5b23b6741c,0.012993494
ck_d21b38231a8a9f4a,0.17856601
ck_3f730318a9792292,0.012906238
ck_a4db6e94a8f77f9d,0.07881063
ck_a8cac8d480306839,0.0008859674
ck_5472214011fbc2a7,0.0012863048
ck_7356f47dbbbe7904,0.027348481
ck_16801e628e883d78,0.011601336
ck_0dc1e536231c4860,0.01041534
ck_7cd0634a6e60af83,0.011315866
ck_ef6f8e048ae1bd4b,0.0096658105
ck_82f3f744209888ac,0.030083913
ck_f33188c232a03526,0.2030419
ck_4a59f4e10bf45d7f,0.009373072
ck_d96c893721385e4e,0.0037734054
ck_f65ab819373edb37,0.004227422
ck_21cac21fc10b7768,0.0032808073
ck_139b54e6ccbdd7da,0.047849506
ck_d6f5c8741697abb3,0.014287527
ck_a28d9bb5590d458f,0.07265897
ck_ed26d906883bea0a,0.0069082035
ck_227602ad072b838b,0.0012623131
ck_39d5f6c17c745ab1,0.0012690381
ck_744eade757ba69b5,0.028294267
ck_c1295d97cdf35ec2,0.006139483
ck_69105f881da3c821,0.0035219889
ck_933789b55361d7c1,0.91856253
ck_b667952253503174,0.007918009
ck_7bf668e25abeeb05,0.0013935858
ck_91742711dfdffd56,0.015114273
ck_af32a0660090dd68,0.12123138
ck_2122f201e65f76ee,0.007619014
ck_f48acb73a5d6af07,0.026114572
ck_337c5684510cf432,0.10516905
ck_f7bde7265053364d,0.0017993931
ck_c190c7b924edba75,0.028355323
ck_044fa3b3a003f0b5,0.022742368
ck_87eb43e3b9d96169,0.018983884
ck_2d3d6c9364362017,0.0012573015
ck_ac55dc6cbcdf8228,0.008547975
ck_61d7b0568ec5d6cf,0.0044746525
ck_89c74feeaffa7d09,0.006944114
ck_93776b0c113f41f0,0.055491306
ck_15e0b679931f7a8d,0.022077372
ck_77b56c49cfdb1d81,0.017454166
ck_73188a826b5f499f,0.0041578626
ck_4f463ef25325ddfa,0.06941678
ck_863db2e394dc47d1,0.9700398
ck_d52432ed597f3cc9,0.0036225715
ck_04fb61e5739642f8,0.5183546
ck_2e481d75d110c06d,0.057047218
ck_3fa1a523d77cd619,0.007504726
ck_466dc6274fecd708,0.00271414
ck_e1790b3aa2241b10,0.9290323
ck_84ad096a46e1a960,0.06037712
ck_3be72c9c178fa00d,0.020802576
ck_5a17c89219d1d9fe,0.004484949
ck_4f639f4ee6ce8d9e,0.10048599
ck_f4ec4a935e51b4db,0.0038141948
ck_f04040a830f92bac,0.0045967475
ck_3e4d02a04be2aaf8,0.006061321
ck_4d1baef193cfb900,0.005058517
ck_0fb3153d37626b75,0.004983338
ck_88ec57a11b11f702,0.8460637
ck_dca9dc465f759db4,0.01181247
ck_64f5fba6af67e024,0.008338128
ck_896096cb167254ef,0.10862936
ck_7878679065876b98,0.033059597
ck_fe8e5a6c880ceb4e,0.0021257033
ck_a5e036327d3d1862,0.0021602726
ck_310f73940fc4cf4f,0.00754792
ck_46a8db16ad00b749,0.11839888
ck_0d33977c3de8cfaf,0.9962513
ck_c6fff412f531db0f,0.00048487197
ck_bac6dadf428eaea9,0.04369446
ck_1b96d9af0d7da2d5,0.0025720433
ck_fa8a4a9e77799fcc,0.0031306795
ck_0bf48607a874b4d1,0.0038108772
ck_eeb75f8a6439f65e,0.038368102
ck_a209a5f7d172125e,0.0099622
ck_8f346b72fb40bf14,0.016678056
ck_bccbf9fef367f00f,0.0042803604
ck_2d1548f1ee405cc9,0.02758488
ck_e8298ff2dc1e9d50,0.0033593583
ck_77c0fb524edb4a94,0.0039092065
ck_28ac4c5134cb8e77,0.02482375
ck_db23a0e3e54be60c,0.8914718
ck_a059d00cee5cee99,0.016393565
ck_3e9e3bba8bd363af,0.002411894
ck_0428728df24cdab4,0.0032247014
ck_88cd35378075c84f,0.0051661623
ck_0174d76398d9dc0f,0.026282672
ck_3f1287e6c27de0dc,0.032362826
ck_ff822700f3605e06,0.99596894
ck_4563227b2038ae07,0.18349437
ck_788e78065526ee19,0.01788094
ck_8a16eb584093b12f,0.0011303244
ck_cc276f71ab6c08fd,0.06860873
ck_d61d97b21002f3e9,0.04516071
ck_4b2e87d86a5e415c,0.014036381
ck_3e6f35e4500d2f2a,0.000883758
ck_3acdb083e0d8ad61,0.0014118736
ck_cd655202db489010,0.007820561
ck_829cbf5ccda481ae,0.001989115
ck_f5882e6f98b8b4cd,0.0035997904
ck_767947540b234add,0.0031755692
ck_a6e8e8f535b1f1d1,0.060120635
ck_58412a2674fea506,0.0046194172
ck_fae7e518a585fa61,0.023700474
ck_9c60ae6958d68dbd,0.5313374
ck_328696b8f5e54ec6,0.09397505
ck_7df3f8f4f1068d62,0.004442829
ck_cfadd21458230ef7,0.0034521222
ck_7048bedd554c703b,0.0034031428
ck_50422466f145bfd7,0.0076835486
ck_61e1f7168cd9ff25,0.05981277
ck_733aff0f56f5b3c9,0.0063690064
ck_e14892e424180549,0.009433536
ck_03f6664a96de7d0f,0.017633036
ck_b7f4baa2cc82fe61,0.0049362774
ck_1e51199a075ca0fa,0.0015910956
ck_0e70516fa07cfb17,0.8984492
ck_0f37c554a5057801,0.3769721
ck_5576b725de38d106,0.007885875
ck_82f360df1e9f4eb8,0.066529855
ck_395f3bd4aacd7ca6,0.040877335
ck_5e8e857b63966609,0.24547137
ck_93470896f0804b6b,0.94342333
ck_3be854e42e76569a,0.004091562
ck_0567302c57a2417e,0.31013098
ck_ee535461b5f05539,0.2471957
ck_94a096c36162a153,0.008267464
ck_dfc8f5c141fd7c63,0.0020607274
ck_98b34f2d704c1c2a,0.009040933
ck_96dff7a09d45f116,0.005351582
ck_79557434c129ba52,0.008368922
ck_4596624a7c01d501,0.008246632
ck_04e89fbd739243fa,0.0013741414
ck_6149ffaf18872dc8,0.0020093722
ck_cd78f0832a09bd8f,0.13294828
ck_7e29c10d781c3b41,0.0049066814
ck_1f7ee7b23fc6f2f4,0.017516678
ck_c49b685d2b3ab89a,0.007287256
ck_84569a8fc50e73ac,0.006872605
ck_b92b11d205af91eb,0.0013304587
ck_06280e6d6d2485b0,0.0032674929
ck_3c08546dd0c92863,0.015225446
ck_99d3983f907828bf,0.0077666664
ck_eccfd552aa652d3c,0.006127902
ck_0cff8153881875ba,0.012859128
ck_c1aebbeca6ab5ff9,0.011204356
ck_538fdbbb3c2bcbbb,0.121028386
ck_8c0210322733c718,0.003588225
ck_0b0c93039f987abc,0.007297781
ck_6d07d6d1bd227d37,0.0258182
ck_9b6ee35e8cd0b11c,0.0013189487
ck_d838491d3d4f5ecf,0.0029597257
ck_0593ae243a9ebee9,0.016167171
ck_ef261fc09be8eb0b,0.00090208085
ck_d0935b571a4a3868,0.022228668
ck_97d04a67a104af39,0.025227293
ck_e25f70d0b7229420,0.044325378
ck_9b71274ff83de482,0.9572641
ck_6de2aa2bb60978d3,0.029321702
ck_eda55c8fb47593d7,0.009231482
ck_924e572517515f19,0.121091194
ck_d6f27eacbad310f4,0.0032504238
ck_8550f229b5eb03ab,0.0035512298
ck_e3e95546a84d0ed8,0.018481167
ck_3135c019696ee6af,0.915754
ck_41ba315d8fccb559,0.0058051487
ck_72b86e4485da2d0f,0.9802694
ck_daaa995f3c2f0e47,0.023348317
ck_053746067839696b,0.017916784
ck_a15fe7d0f4b65c33,0.5958503
ck_15de11438732bb05,0.008372294
ck_2c4d25acbe3fabd9,0.0046696546
ck_7f08078908599bd2,0.035436064
ck_e794741742fb2619,0.008890683
ck_238e53b6dee8c301,0.0950725
ck_53a6a33060d5c8b8,0.0046088938
ck_0e0919292ad33472,0.63727474
ck_d86ccf148c06c8c8,0.05402831
ck_c881f26c9bf9ae42,0.4632956
ck_4b0947bf94e9d847,0.006299775
ck_e10ff5c38bd18470,0.0057301517
ck_b60de9e97aad9e45,0.76487267
ck_190bc849e5ff5401,0.0117546385
ck_e7be077aa0b2632c,0.005139533
ck_a51abde881ebeff3,0.009523965
ck_2208392a9f6bd249,0.032568704
ck_0259da8f109017e9,0.101102404
ck_05e01ab9c95449da,0.008175741
ck_c82897ebffb6ae66,0.009244252
ck_b4a6bb4689cd7cfa,0.027860975
ck_9e21ea33018ce538,0.008993147
ck_caa348f0e65db062,0.9753513
ck_a964e6b5d8415334,0.15532385
ck_510bfbbee37ff436,0.05146891
ck_9741a82faf5c7889,0.023575973
ck_e7f61b4a39ba98ac,0.004399509
ck_069d158665a53909,0.11293836
ck_6426427efe3228af,0.010347237
ck_ab4a8d02ec3c0fd7,0.0009818401
ck_aefa0d8d933e0eca,0.021350205
ck_232325ef6bce92f1,0.010867099
ck_14e58c3fb26a2b4d,0.021843782
ck_06e73afdec26aecc,0.16184108
ck_3168f4f2778d64e1,0.0064385785
ck_ff3998d6858daa21,0.009117522
ck_bccff46fb0868454,0.31761172
ck_c7d444d90fa86d7c,0.6678748
ck_f0bc3bdee6bfbb94,0.018943977
ck_f7112818a6d81422,0.11059585
ck_aca35dbcb835ad02,0.008879308
ck_f637fabf0f60528f,0.029737571
ck_53d17ab97de1ac3e,0.0036616554
ck_c8c1bf16d9113493,0.011638488
ck_e842fb0cf055a83b,0.042615246
ck_93c0cb3dac4891fe,0.009702152
ck_0c1f088e17e46daf,0.03694293
ck_8f4b384955bf57c9,0.0017228067
ck_09cd5c4df1e81ac2,0.1764119
ck_1e832a5b2342554f,0.00666865
ck_2cb763a881aee27f,0.0014785933
ck_5875828b11406398,0.0037430034
ck_48e84b0cb0b90fa7,0.017916784
ck_833688de8629c5c0,0.003843168
ck_117d78ccd5820f36,0.024221243
ck_668ec61c4c39cae3,0.0016662007
ck_73a7794b659d7a34,0.001975619
ck_10f90d879209734f,0.018169789
ck_d1d079913aa158bf,0.008625259
ck_01c631b38e8a9535,0.02937206
ck_f6923088c17a04e2,0.13875142
ck_b447badc9138987d,0.007461922
ck_8b772caed8f1541c,0.0007808365
ck_5403c76fe68a08ba,0.3509132
ck_3e6833574edf1736,0.007072617
ck_e527fbb9450a4581,0.8815242
ck_cc90e219f1ebf390,0.0011648906
